Workbook

Sheet Gastos
A1: Fecha | B1: Comercio | C1: Monto | D1: Moneda | E1: Tarjeta | F1: Corte | G1: Fecha de Pago | H1: Estado | I1: Segmento | J1: Monto S/
A2: 2026-09-11 | B2: ANTHROPIC* CLAUDE | C2: 23.6 | D2: Dólares | E2: BBVA | F2: =IF(A2="","",IF(DAY(A2)<=IF(E2="iO",25,10),DATE(YEAR(A2),MONTH(A2),IF(E2="iO",25,10)),DATE(YEAR(A2),MONTH(A2)+1,IF(E2="iO",25,10)))) | G2: =IF(F2="","",DATE(YEAR(F2),MONTH(F2)+1,IF(E2="iO",12,5))) | H2: Pendiente | I2: Suscripciones | J2: =IF(C2="","",IF(D2="Dólares",C2*Segmentos!$B$4,C2))
A3: 2026-09-13 | B3: MERF PRIMAVERA EI | C3: 7.4 | D3: Soles | E3: BBVA | F3: =IF(A3="","",IF(DAY(A3)<=IF(E3="iO",25,10),DATE(YEAR(A3),MONTH(A3),IF(E3="iO",25,10)),DATE(YEAR(A3),MONTH(A3)+1,IF(E3="iO",25,10)))) | G3: =IF(F3="","",DATE(YEAR(F3),MONTH(F3)+1,IF(E3="iO",12,5))) | H3: Pendiente | I3: Comida | J3: =IF(C3="","",IF(D3="Dólares",C3*Segmentos!$B$4,C3))
A4: 2026-09-16 | B4: JOSESACO CARABAYL | C4: 9 | D4: Soles | E4: BBVA | F4: =IF(A4="","",IF(DAY(A4)<=IF(E4="iO",25,10),DATE(YEAR(A4),MONTH(A4),IF(E4="iO",25,10)),DATE(YEAR(A4),MONTH(A4)+1,IF(E4="iO",25,10)))) | G4: =IF(F4="","",DATE(YEAR(F4),MONTH(F4)+1,IF(E4="iO",12,5))) | H4: Pendiente | I4: Comida | J4: =IF(C4="","",IF(D4="Dólares",C4*Segmentos!$B$4,C4))
A5: 2026-09-16 | B5: JOSESACO CARABAYL | C5: 4.39 | D5: Soles | E5: BBVA | F5: =IF(A5="","",IF(DAY(A5)<=IF(E5="iO",25,10),DATE(YEAR(A5),MONTH(A5),IF(E5="iO",25,10)),DATE(YEAR(A5),MONTH(A5)+1,IF(E5="iO",25,10)))) | G5: =IF(F5="","",DATE(YEAR(F5),MONTH(F5)+1,IF(E5="iO",12,5))) | H5: Pendiente | I5: Comida | J5: =IF(C5="","",IF(D5="Dólares",C5*Segmentos!$B$4,C5))
A6: 2026-09-20 | B6: DLC*RAPPI PERU | C6: 65.7 | D6: Soles | E6: BBVA | F6: =IF(A6="","",IF(DAY(A6)<=IF(E6="iO",25,10),DATE(YEAR(A6),MONTH(A6),IF(E6="iO",25,10)),DATE(YEAR(A6),MONTH(A6)+1,IF(E6="iO",25,10)))) | G6: =IF(F6="","",DATE(YEAR(F6),MONTH(F6)+1,IF(E6="iO",12,5))) | H6: Pendiente | I6: Comida | J6: =IF(C6="","",IF(D6="Dólares",C6*Segmentos!$B$4,C6))
A7: 2026-09-20 | B7: LOS JARDINES | C7: 15 | D7: Soles | E7: BBVA | F7: =IF(A7="","",IF(DAY(A7)<=IF(E7="iO",25,10),DATE(YEAR(A7),MONTH(A7),IF(E7="iO",25,10)),DATE(YEAR(A7),MONTH(A7)+1,IF(E7="iO",25,10)))) | G7: =IF(F7="","",DATE(YEAR(F7),MONTH(F7)+1,IF(E7="iO",12,5))) | H7: Pendiente | I7: Comida | J7: =IF(C7="","",IF(D7="Dólares",C7*Segmentos!$B$4,C7))
A8: 2026-09-20 | B8: LOS JARDINES | C8: 20 | D8: Soles | E8: BBVA | F8: =IF(A8="","",IF(DAY(A8)<=IF(E8="iO",25,10),DATE(YEAR(A8),MONTH(A8),IF(E8="iO",25,10)),DATE(YEAR(A8),MONTH(A8)+1,IF(E8="iO",25,10)))) | G8: =IF(F8="","",DATE(YEAR(F8),MONTH(F8)+1,IF(E8="iO",12,5))) | H8: Pendiente | I8: Comida | J8: =IF(C8="","",IF(D8="Dólares",C8*Segmentos!$B$4,C8))
A9: 46292 | B9: APPARKA APS | C9: 7.9 | D9: Soles | E9: iO | F9: =IF(A9="","",IF(DAY(A9)<=IF(E9="iO",25,10),DATE(YEAR(A9),MONTH(A9),IF(E9="iO",25,10)),DATE(YEAR(A9),MONTH(A9)+1,IF(E9="iO",25,10)))) | G9: =IF(F9="","",DATE(YEAR(F9),MONTH(F9)+1,IF(E9="iO",12,5))) | H9: Pendiente | I9: Transporte | J9: =IF(C9="","",IF(D9="Dólares",C9*Segmentos!$B$4,C9))
A10: 46292 | B10: BESO FRANCES | C10: 20 | D10: Soles | E10: iO | F10: =IF(A10="","",IF(DAY(A10)<=IF(E10="iO",25,10),DATE(YEAR(A10),MONTH(A10),IF(E10="iO",25,10)),DATE(YEAR(A10),MONTH(A10)+1,IF(E10="iO",25,10)))) | G10: =IF(F10="","",DATE(YEAR(F10),MONTH(F10)+1,IF(E10="iO",12,5))) | H10: Pendiente | I10: Comida | J10: =IF(C10="","",IF(D10="Dólares",C10*Segmentos!$B$4,C10))
A11: 46292 | B11: PEAJES CASET | C11: 6.3 | D11: Soles | E11: iO | F11: =IF(A11="","",IF(DAY(A11)<=IF(E11="iO",25,10),DATE(YEAR(A11),MONTH(A11),IF(E11="iO",25,10)),DATE(YEAR(A11),MONTH(A11)+1,IF(E11="iO",25,10)))) | G11: =IF(F11="","",DATE(YEAR(F11),MONTH(F11)+1,IF(E11="iO",12,5))) | H11: Pendiente | I11: Transporte | J11: =IF(C11="","",IF(D11="Dólares",C11*Segmentos!$B$4,C11))
A12: 46292 | B12: CEVICHERIA G | C12: 110 | D12: Soles | E12: iO | F12: =IF(A12="","",IF(DAY(A12)<=IF(E12="iO",25,10),DATE(YEAR(A12),MONTH(A12),IF(E12="iO",25,10)),DATE(YEAR(A12),MONTH(A12)+1,IF(E12="iO",25,10)))) | G12: =IF(F12="","",DATE(YEAR(F12),MONTH(F12)+1,IF(E12="iO",12,5))) | H12: Pendiente | I12: Comida | J12: =IF(C12="","",IF(D12="Dólares",C12*Segmentos!$B$4,C12))
A13: 46293 | B13: MERF PRIMAVE | C13: 57.4 | D13: Soles | E13: iO | F13: =IF(A13="","",IF(DAY(A13)<=IF(E13="iO",25,10),DATE(YEAR(A13),MONTH(A13),IF(E13="iO",25,10)),DATE(YEAR(A13),MONTH(A13)+1,IF(E13="iO",25,10)))) | G13: =IF(F13="","",DATE(YEAR(F13),MONTH(F13)+1,IF(E13="iO",12,5))) | H13: Pendiente | I13: Comida | J13: =IF(C13="","",IF(D13="Dólares",C13*Segmentos!$B$4,C13))
A14: 46293 | B14: CINEMARK | C14: 87 | D14: Soles | E14: iO | F14: =IF(A14="","",IF(DAY(A14)<=IF(E14="iO",25,10),DATE(YEAR(A14),MONTH(A14),IF(E14="iO",25,10)),DATE(YEAR(A14),MONTH(A14)+1,IF(E14="iO",25,10)))) | G14: =IF(F14="","",DATE(YEAR(F14),MONTH(F14)+1,IF(E14="iO",12,5))) | H14: Pendiente | I14: Ocio | J14: =IF(C14="","",IF(D14="Dólares",C14*Segmentos!$B$4,C14))
A15: 46293 | B15: ZARA | C15: 190 | D15: Soles | E15: iO | F15: =IF(A15="","",IF(DAY(A15)<=IF(E15="iO",25,10),DATE(YEAR(A15),MONTH(A15),IF(E15="iO",25,10)),DATE(YEAR(A15),MONTH(A15)+1,IF(E15="iO",25,10)))) | G15: =IF(F15="","",DATE(YEAR(F15),MONTH(F15)+1,IF(E15="iO",12,5))) | H15: Pendiente | I15: Ropa y compras | J15: =IF(C15="","",IF(D15="Dólares",C15*Segmentos!$B$4,C15))
A16: 46295 | B16: Gasto pareja | C16: 148 | D16: Dólares | E16: pareja | F16: =IF(A16="","",IF(DAY(A16)<=IF(E16="iO",25,10),DATE(YEAR(A16),MONTH(A16),IF(E16="iO",25,10)),DATE(YEAR(A16),MONTH(A16)+1,IF(E16="iO",25,10)))) | G16: 46346 | H16: Pendiente | I16: Pareja | J16: =IF(C16="","",IF(D16="Dólares",C16*Segmentos!$B$4,C16))
A17: 46306 | B17: GlobalE /Ralph La | C17: 300 | D17: Soles | E17: BBVA | F17: =IF(A17="","",IF(DAY(A17)<=IF(E17="iO",25,10),DATE(YEAR(A17),MONTH(A17),IF(E17="iO",25,10)),DATE(YEAR(A17),MONTH(A17)+1,IF(E17="iO",25,10)))) | G17: =IF(F17="","",DATE(YEAR(F17),MONTH(F17)+1,IF(E17="iO",12,5))) | H17: Pendiente | I17: Ropa y compras | J17: =IF(C17="","",IF(D17="Dólares",C17*Segmentos!$B$4,C17))
A18: 46306 | B18: ANTHROPIC* CLAUDE | C18: 23.6 | D18: Dólares | E18: BBVA | F18: =IF(A18="","",IF(DAY(A18)<=IF(E18="iO",25,10),DATE(YEAR(A18),MONTH(A18),IF(E18="iO",25,10)),DATE(YEAR(A18),MONTH(A18)+1,IF(E18="iO",25,10)))) | G18: =IF(F18="","",DATE(YEAR(F18),MONTH(F18)+1,IF(E18="iO",12,5))) | H18: Pendiente | I18: Suscripciones | J18: =IF(C18="","",IF(D18="Dólares",C18*Segmentos!$B$4,C18))
A19: 46306 | B19: LA LENA MALL DE C | C19: 102.7 | D19: Soles | E19: BBVA | F19: =IF(A19="","",IF(DAY(A19)<=IF(E19="iO",25,10),DATE(YEAR(A19),MONTH(A19),IF(E19="iO",25,10)),DATE(YEAR(A19),MONTH(A19)+1,IF(E19="iO",25,10)))) | G19: =IF(F19="","",DATE(YEAR(F19),MONTH(F19)+1,IF(E19="iO",12,5))) | H19: Pendiente | I19: Comida | J19: =IF(C19="","",IF(D19="Dólares",C19*Segmentos!$B$4,C19))
A20: 46306 | B20: LIDERMAN PARKING | C20: 7 | D20: Soles | E20: BBVA | F20: =IF(A20="","",IF(DAY(A20)<=IF(E20="iO",25,10),DATE(YEAR(A20),MONTH(A20),IF(E20="iO",25,10)),DATE(YEAR(A20),MONTH(A20)+1,IF(E20="iO",25,10)))) | G20: =IF(F20="","",DATE(YEAR(F20),MONTH(F20)+1,IF(E20="iO",12,5))) | H20: Pendiente | I20: Transporte | J20: =IF(C20="","",IF(D20="Dólares",C20*Segmentos!$B$4,C20))
F21: =IF(A21="","",IF(DAY(A21)<=IF(E21="iO",25,10),DATE(YEAR(A21),MONTH(A21),IF(E21="iO",25,10)),DATE(YEAR(A21),MONTH(A21)+1,IF(E21="iO",25,10)))) | G21: =IF(F21="","",DATE(YEAR(F21),MONTH(F21)+1,IF(E21="iO",12,5))) | J21: =IF(C21="","",IF(D21="Dólares",C21*Segmentos!$B$4,C21))
F22: =IF(A22="","",IF(DAY(A22)<=IF(E22="iO",25,10),DATE(YEAR(A22),MONTH(A22),IF(E22="iO",25,10)),DATE(YEAR(A22),MONTH(A22)+1,IF(E22="iO",25,10)))) | G22: =IF(F22="","",DATE(YEAR(F22),MONTH(F22)+1,IF(E22="iO",12,5))) | J22: =IF(C22="","",IF(D22="Dólares",C22*Segmentos!$B$4,C22))
F23: =IF(A23="","",IF(DAY(A23)<=IF(E23="iO",25,10),DATE(YEAR(A23),MONTH(A23),IF(E23="iO",25,10)),DATE(YEAR(A23),MONTH(A23)+1,IF(E23="iO",25,10)))) | G23: =IF(F23="","",DATE(YEAR(F23),MONTH(F23)+1,IF(E23="iO",12,5))) | J23: =IF(C23="","",IF(D23="Dólares",C23*Segmentos!$B$4,C23))
F24: =IF(A24="","",IF(DAY(A24)<=IF(E24="iO",25,10),DATE(YEAR(A24),MONTH(A24),IF(E24="iO",25,10)),DATE(YEAR(A24),MONTH(A24)+1,IF(E24="iO",25,10)))) | G24: =IF(F24="","",DATE(YEAR(F24),MONTH(F24)+1,IF(E24="iO",12,5))) | J24: =IF(C24="","",IF(D24="Dólares",C24*Segmentos!$B$4,C24))
F25: =IF(A25="","",IF(DAY(A25)<=IF(E25="iO",25,10),DATE(YEAR(A25),MONTH(A25),IF(E25="iO",25,10)),DATE(YEAR(A25),MONTH(A25)+1,IF(E25="iO",25,10)))) | G25: =IF(F25="","",DATE(YEAR(F25),MONTH(F25)+1,IF(E25="iO",12,5))) | J25: =IF(C25="","",IF(D25="Dólares",C25*Segmentos!$B$4,C25))
F26: =IF(A26="","",IF(DAY(A26)<=IF(E26="iO",25,10),DATE(YEAR(A26),MONTH(A26),IF(E26="iO",25,10)),DATE(YEAR(A26),MONTH(A26)+1,IF(E26="iO",25,10)))) | G26: =IF(F26="","",DATE(YEAR(F26),MONTH(F26)+1,IF(E26="iO",12,5))) | J26: =IF(C26="","",IF(D26="Dólares",C26*Segmentos!$B$4,C26))
F27: =IF(A27="","",IF(DAY(A27)<=IF(E27="iO",25,10),DATE(YEAR(A27),MONTH(A27),IF(E27="iO",25,10)),DATE(YEAR(A27),MONTH(A27)+1,IF(E27="iO",25,10)))) | G27: =IF(F27="","",DATE(YEAR(F27),MONTH(F27)+1,IF(E27="iO",12,5))) | J27: =IF(C27="","",IF(D27="Dólares",C27*Segmentos!$B$4,C27))
F28: =IF(A28="","",IF(DAY(A28)<=IF(E28="iO",25,10),DATE(YEAR(A28),MONTH(A28),IF(E28="iO",25,10)),DATE(YEAR(A28),MONTH(A28)+1,IF(E28="iO",25,10)))) | G28: =IF(F28="","",DATE(YEAR(F28),MONTH(F28)+1,IF(E28="iO",12,5))) | J28: =IF(C28="","",IF(D28="Dólares",C28*Segmentos!$B$4,C28))
F29: =IF(A29="","",IF(DAY(A29)<=IF(E29="iO",25,10),DATE(YEAR(A29),MONTH(A29),IF(E29="iO",25,10)),DATE(YEAR(A29),MONTH(A29)+1,IF(E29="iO",25,10)))) | G29: =IF(F29="","",DATE(YEAR(F29),MONTH(F29)+1,IF(E29="iO",12,5))) | J29: =IF(C29="","",IF(D29="Dólares",C29*Segmentos!$B$4,C29))
F30: =IF(A30="","",IF(DAY(A30)<=IF(E30="iO",25,10),DATE(YEAR(A30),MONTH(A30),IF(E30="iO",25,10)),DATE(YEAR(A30),MONTH(A30)+1,IF(E30="iO",25,10)))) | G30: =IF(F30="","",DATE(YEAR(F30),MONTH(F30)+1,IF(E30="iO",12,5))) | J30: =IF(C30="","",IF(D30="Dólares",C30*Segmentos!$B$4,C30))
F31: =IF(A31="","",IF(DAY(A31)<=IF(E31="iO",25,10),DATE(YEAR(A31),MONTH(A31),IF(E31="iO",25,10)),DATE(YEAR(A31),MONTH(A31)+1,IF(E31="iO",25,10)))) | G31: =IF(F31="","",DATE(YEAR(F31),MONTH(F31)+1,IF(E31="iO",12,5))) | J31: =IF(C31="","",IF(D31="Dólares",C31*Segmentos!$B$4,C31))
F32: =IF(A32="","",IF(DAY(A32)<=IF(E32="iO",25,10),DATE(YEAR(A32),MONTH(A32),IF(E32="iO",25,10)),DATE(YEAR(A32),MONTH(A32)+1,IF(E32="iO",25,10)))) | G32: =IF(F32="","",DATE(YEAR(F32),MONTH(F32)+1,IF(E32="iO",12,5))) | J32: =IF(C32="","",IF(D32="Dólares",C32*Segmentos!$B$4,C32))
... F200: =IF(A200="","",IF(DAY(A200)<=IF(E200="iO",25,10),DATE(YEAR(A200),MONTH(A200),IF(E200="iO",25,10)),DATE(YEAR(A200),MONTH(A200)+1,IF(E200="iO",25,10)))) | G200: =IF(F200="","",DATE(YEAR(F200),MONTH(F200)+1,IF(E200="iO",12,5))) | J200: =IF(C200="","",IF(D200="Dólares",C200*Segmentos!$B$4,C200))

Sheet Resumen
A1: Resumen de Gastos por Fecha de Pago
A3: Fecha de Pago | B3: Tarjeta | C3: Total
A4: Ejemplo: usa SUMIFS para sumar Gastos!C:C donde Gastos!G = fecha y Gastos!E = tarjeta
A5: =DATE(2026,11,12) | B5: iO | C5: =SUMIFS(Gastos!C:C,Gastos!G:G,A5,Gastos!E:E,B5)
A6: =DATE(2026,12,5) | B6: BBVA | C6: =SUMIFS(Gastos!C:C,Gastos!G:G,A6,Gastos!E:E,B6)
A7: =DATE(2026,11,20) | B7: pareja | C7: =SUMIFS(Gastos!C:C,Gastos!G:G,A7,Gastos!E:E,B7)

Sheet Segmentos
A1: Gasto por segmento y ciclo de tarjeta
A3: Ingreso mensual (S/) | C3: ← escribe tu ingreso mensual
A4: Tipo de cambio (S/ por US$) | B4: 3.6 | C4: ← referencial, ajústalo
A6: Fecha de Pago | B6: Tarjeta | C6: Corte | D6: Comida | E6: Transporte | F6: Ropa y compras | G6: Ocio | H6: Suscripciones | I6: Pareja | J6: Otros | K6: Total S/ | L6: % del ingreso | M6: Aprox. al cierre S/ | N6: % aprox. del ingreso
A7: =DATE(2026,11,5) | B7: BBVA | C7: =IF(OR(A7="",B7="pareja"),"",DATE(YEAR(A7),MONTH(A7)-1,IF(B7="iO",25,10))) | D7: =IF($A7="","",SUMIFS(Gastos!$J:$J,Gastos!$G:$G,$A7,Gastos!$E:$E,$B7,Gastos!$I:$I,D$6)) | E7: =IF($A7="","",SUMIFS(Gastos!$J:$J,Gastos!$G:$G,$A7,Gastos!$E:$E,$B7,Gastos!$I:$I,E$6)) | F7: =IF($A7="","",SUMIFS(Gastos!$J:$J,Gastos!$G:$G,$A7,Gastos!$E:$E,$B7,Gastos!$I:$I,F$6)) | G7: =IF($A7="","",SUMIFS(Gastos!$J:$J,Gastos!$G:$G,$A7,Gastos!$E:$E,$B7,Gastos!$I:$I,G$6)) | H7: =IF($A7="","",SUMIFS(Gastos!$J:$J,Gastos!$G:$G,$A7,Gastos!$E:$E,$B7,Gastos!$I:$I,H$6)) | I7: =IF($A7="","",SUMIFS(Gastos!$J:$J,Gastos!$G:$G,$A7,Gastos!$E:$E,$B7,Gastos!$I:$I,I$6)) | J7: =IF($A7="","",SUMIFS(Gastos!$J:$J,Gastos!$G:$G,$A7,Gastos!$E:$E,$B7,Gastos!$I:$I,J$6)) | K7: =IF(A7="","",SUMIFS(Gastos!$J:$J,Gastos!$G:$G,$A7,Gastos!$E:$E,$B7)) | L7: =IF(OR(A7="",$B$3=""),"",K7/$B$3) | M7: =IF(A7="","",IF(OR(C7="",TODAY()>=C7),K7,K7/MAX(1,TODAY()-(EDATE(C7,-1)+1)+1)*(C7-(EDATE(C7,-1)+1)+1))) | N7: =IF(OR(A7="",$B$3=""),"",M7/$B$3)
A8: =DATE(2026,11,12) | B8: iO | C8: =IF(OR(A8="",B8="pareja"),"",DATE(YEAR(A8),MONTH(A8)-1,IF(B8="iO",25,10))) | D8: =IF($A8="","",SUMIFS(Gastos!$J:$J,Gastos!$G:$G,$A8,Gastos!$E:$E,$B8,Gastos!$I:$I,D$6)) | E8: =IF($A8="","",SUMIFS(Gastos!$J:$J,Gastos!$G:$G,$A8,Gastos!$E:$E,$B8,Gastos!$I:$I,E$6)) | F8: =IF($A8="","",SUMIFS(Gastos!$J:$J,Gastos!$G:$G,$A8,Gastos!$E:$E,$B8,Gastos!$I:$I,F$6)) | G8: =IF($A8="","",SUMIFS(Gastos!$J:$J,Gastos!$G:$G,$A8,Gastos!$E:$E,$B8,Gastos!$I:$I,G$6)) | H8: =IF($A8="","",SUMIFS(Gastos!$J:$J,Gastos!$G:$G,$A8,Gastos!$E:$E,$B8,Gastos!$I:$I,H$6)) | I8: =IF($A8="","",SUMIFS(Gastos!$J:$J,Gastos!$G:$G,$A8,Gastos!$E:$E,$B8,Gastos!$I:$I,I$6)) | J8: =IF($A8="","",SUMIFS(Gastos!$J:$J,Gastos!$G:$G,$A8,Gastos!$E:$E,$B8,Gastos!$I:$I,J$6)) | K8: =IF(A8="","",SUMIFS(Gastos!$J:$J,Gastos!$G:$G,$A8,Gastos!$E:$E,$B8)) | L8: =IF(OR(A8="",$B$3=""),"",K8/$B$3) | M8: =IF(A8="","",IF(OR(C8="",TODAY()>=C8),K8,K8/MAX(1,TODAY()-(EDATE(C8,-1)+1)+1)*(C8-(EDATE(C8,-1)+1)+1))) | N8: =IF(OR(A8="",$B$3=""),"",M8/$B$3)
A9: =DATE(2026,11,20) | B9: pareja | C9: =IF(OR(A9="",B9="pareja"),"",DATE(YEAR(A9),MONTH(A9)-1,IF(B9="iO",25,10))) | D9: =IF($A9="","",SUMIFS(Gastos!$J:$J,Gastos!$G:$G,$A9,Gastos!$E:$E,$B9,Gastos!$I:$I,D$6)) | E9: =IF($A9="","",SUMIFS(Gastos!$J:$J,Gastos!$G:$G,$A9,Gastos!$E:$E,$B9,Gastos!$I:$I,E$6)) | F9: =IF($A9="","",SUMIFS(Gastos!$J:$J,Gastos!$G:$G,$A9,Gastos!$E:$E,$B9,Gastos!$I:$I,F$6)) | G9: =IF($A9="","",SUMIFS(Gastos!$J:$J,Gastos!$G:$G,$A9,Gastos!$E:$E,$B9,Gastos!$I:$I,G$6)) | H9: =IF($A9="","",SUMIFS(Gastos!$J:$J,Gastos!$G:$G,$A9,Gastos!$E:$E,$B9,Gastos!$I:$I,H$6)) | I9: =IF($A9="","",SUMIFS(Gastos!$J:$J,Gastos!$G:$G,$A9,Gastos!$E:$E,$B9,Gastos!$I:$I,I$6)) | J9: =IF($A9="","",SUMIFS(Gastos!$J:$J,Gastos!$G:$G,$A9,Gastos!$E:$E,$B9,Gastos!$I:$I,J$6)) | K9: =IF(A9="","",SUMIFS(Gastos!$J:$J,Gastos!$G:$G,$A9,Gastos!$E:$E,$B9)) | L9: =IF(OR(A9="",$B$3=""),"",K9/$B$3) | M9: =IF(A9="","",IF(OR(C9="",TODAY()>=C9),K9,K9/MAX(1,TODAY()-(EDATE(C9,-1)+1)+1)*(C9-(EDATE(C9,-1)+1)+1))) | N9: =IF(OR(A9="",$B$3=""),"",M9/$B$3)
A10: =DATE(2026,12,5) | B10: BBVA | C10: =IF(OR(A10="",B10="pareja"),"",DATE(YEAR(A10),MONTH(A10)-1,IF(B10="iO",25,10))) | D10: =IF($A10="","",SUMIFS(Gastos!$J:$J,Gastos!$G:$G,$A10,Gastos!$E:$E,$B10,Gastos!$I:$I,D$6)) | E10: =IF($A10="","",SUMIFS(Gastos!$J:$J,Gastos!$G:$G,$A10,Gastos!$E:$E,$B10,Gastos!$I:$I,E$6)) | F10: =IF($A10="","",SUMIFS(Gastos!$J:$J,Gastos!$G:$G,$A10,Gastos!$E:$E,$B10,Gastos!$I:$I,F$6)) | G10: =IF($A10="","",SUMIFS(Gastos!$J:$J,Gastos!$G:$G,$A10,Gastos!$E:$E,$B10,Gastos!$I:$I,G$6)) | H10: =IF($A10="","",SUMIFS(Gastos!$J:$J,Gastos!$G:$G,$A10,Gastos!$E:$E,$B10,Gastos!$I:$I,H$6)) | I10: =IF($A10="","",SUMIFS(Gastos!$J:$J,Gastos!$G:$G,$A10,Gastos!$E:$E,$B10,Gastos!$I:$I,I$6)) | J10: =IF($A10="","",SUMIFS(Gastos!$J:$J,Gastos!$G:$G,$A10,Gastos!$E:$E,$B10,Gastos!$I:$I,J$6)) | K10: =IF(A10="","",SUMIFS(Gastos!$J:$J,Gastos!$G:$G,$A10,Gastos!$E:$E,$B10)) | L10: =IF(OR(A10="",$B$3=""),"",K10/$B$3) | M10: =IF(A10="","",IF(OR(C10="",TODAY()>=C10),K10,K10/MAX(1,TODAY()-(EDATE(C10,-1)+1)+1)*(C10-(EDATE(C10,-1)+1)+1))) | N10: =IF(OR(A10="",$B$3=""),"",M10/$B$3)
C11: =IF(OR(A11="",B11="pareja"),"",DATE(YEAR(A11),MONTH(A11)-1,IF(B11="iO",25,10))) | D11: =IF($A11="","",SUMIFS(Gastos!$J:$J,Gastos!$G:$G,$A11,Gastos!$E:$E,$B11,Gastos!$I:$I,D$6)) | E11: =IF($A11="","",SUMIFS(Gastos!$J:$J,Gastos!$G:$G,$A11,Gastos!$E:$E,$B11,Gastos!$I:$I,E$6)) | F11: =IF($A11="","",SUMIFS(Gastos!$J:$J,Gastos!$G:$G,$A11,Gastos!$E:$E,$B11,Gastos!$I:$I,F$6)) | G11: =IF($A11="","",SUMIFS(Gastos!$J:$J,Gastos!$G:$G,$A11,Gastos!$E:$E,$B11,Gastos!$I:$I,G$6)) | H11: =IF($A11="","",SUMIFS(Gastos!$J:$J,Gastos!$G:$G,$A11,Gastos!$E:$E,$B11,Gastos!$I:$I,H$6)) | I11: =IF($A11="","",SUMIFS(Gastos!$J:$J,Gastos!$G:$G,$A11,Gastos!$E:$E,$B11,Gastos!$I:$I,I$6)) | J11: =IF($A11="","",SUMIFS(Gastos!$J:$J,Gastos!$G:$G,$A11,Gastos!$E:$E,$B11,Gastos!$I:$I,J$6)) | K11: =IF(A11="","",SUMIFS(Gastos!$J:$J,Gastos!$G:$G,$A11,Gastos!$E:$E,$B11)) | L11: =IF(OR(A11="",$B$3=""),"",K11/$B$3) | M11: =IF(A11="","",IF(OR(C11="",TODAY()>=C11),K11,K11/MAX(1,TODAY()-(EDATE(C11,-1)+1)+1)*(C11-(EDATE(C11,-1)+1)+1))) | N11: =IF(OR(A11="",$B$3=""),"",M11/$B$3)
C12: =IF(OR(A12="",B12="pareja"),"",DATE(YEAR(A12),MONTH(A12)-1,IF(B12="iO",25,10))) | D12: =IF($A12="","",SUMIFS(Gastos!$J:$J,Gastos!$G:$G,$A12,Gastos!$E:$E,$B12,Gastos!$I:$I,D$6)) | E12: =IF($A12="","",SUMIFS(Gastos!$J:$J,Gastos!$G:$G,$A12,Gastos!$E:$E,$B12,Gastos!$I:$I,E$6)) | F12: =IF($A12="","",SUMIFS(Gastos!$J:$J,Gastos!$G:$G,$A12,Gastos!$E:$E,$B12,Gastos!$I:$I,F$6)) | G12: =IF($A12="","",SUMIFS(Gastos!$J:$J,Gastos!$G:$G,$A12,Gastos!$E:$E,$B12,Gastos!$I:$I,G$6)) | H12: =IF($A12="","",SUMIFS(Gastos!$J:$J,Gastos!$G:$G,$A12,Gastos!$E:$E,$B12,Gastos!$I:$I,H$6)) | I12: =IF($A12="","",SUMIFS(Gastos!$J:$J,Gastos!$G:$G,$A12,Gastos!$E:$E,$B12,Gastos!$I:$I,I$6)) | J12: =IF($A12="","",SUMIFS(Gastos!$J:$J,Gastos!$G:$G,$A12,Gastos!$E:$E,$B12,Gastos!$I:$I,J$6)) | K12: =IF(A12="","",SUMIFS(Gastos!$J:$J,Gastos!$G:$G,$A12,Gastos!$E:$E,$B12)) | L12: =IF(OR(A12="",$B$3=""),"",K12/$B$3) | M12: =IF(A12="","",IF(OR(C12="",TODAY()>=C12),K12,K12/MAX(1,TODAY()-(EDATE(C12,-1)+1)+1)*(C12-(EDATE(C12,-1)+1)+1))) | N12: =IF(OR(A12="",$B$3=""),"",M12/$B$3)
C13: =IF(OR(A13="",B13="pareja"),"",DATE(YEAR(A13),MONTH(A13)-1,IF(B13="iO",25,10))) | D13: =IF($A13="","",SUMIFS(Gastos!$J:$J,Gastos!$G:$G,$A13,Gastos!$E:$E,$B13,Gastos!$I:$I,D$6)) | E13: =IF($A13="","",SUMIFS(Gastos!$J:$J,Gastos!$G:$G,$A13,Gastos!$E:$E,$B13,Gastos!$I:$I,E$6)) | F13: =IF($A13="","",SUMIFS(Gastos!$J:$J,Gastos!$G:$G,$A13,Gastos!$E:$E,$B13,Gastos!$I:$I,F$6)) | G13: =IF($A13="","",SUMIFS(Gastos!$J:$J,Gastos!$G:$G,$A13,Gastos!$E:$E,$B13,Gastos!$I:$I,G$6)) | H13: =IF($A13="","",SUMIFS(Gastos!$J:$J,Gastos!$G:$G,$A13,Gastos!$E:$E,$B13,Gastos!$I:$I,H$6)) | I13: =IF($A13="","",SUMIFS(Gastos!$J:$J,Gastos!$G:$G,$A13,Gastos!$E:$E,$B13,Gastos!$I:$I,I$6)) | J13: =IF($A13="","",SUMIFS(Gastos!$J:$J,Gastos!$G:$G,$A13,Gastos!$E:$E,$B13,Gastos!$I:$I,J$6)) | K13: =IF(A13="","",SUMIFS(Gastos!$J:$J,Gastos!$G:$G,$A13,Gastos!$E:$E,$B13)) | L13: =IF(OR(A13="",$B$3=""),"",K13/$B$3) | M13: =IF(A13="","",IF(OR(C13="",TODAY()>=C13),K13,K13/MAX(1,TODAY()-(EDATE(C13,-1)+1)+1)*(C13-(EDATE(C13,-1)+1)+1))) | N13: =IF(OR(A13="",$B$3=""),"",M13/$B$3)
C14: =IF(OR(A14="",B14="pareja"),"",DATE(YEAR(A14),MONTH(A14)-1,IF(B14="iO",25,10))) | D14: =IF($A14="","",SUMIFS(Gastos!$J:$J,Gastos!$G:$G,$A14,Gastos!$E:$E,$B14,Gastos!$I:$I,D$6)) | E14: =IF($A14="","",SUMIFS(Gastos!$J:$J,Gastos!$G:$G,$A14,Gastos!$E:$E,$B14,Gastos!$I:$I,E$6)) | F14: =IF($A14="","",SUMIFS(Gastos!$J:$J,Gastos!$G:$G,$A14,Gastos!$E:$E,$B14,Gastos!$I:$I,F$6)) | G14: =IF($A14="","",SUMIFS(Gastos!$J:$J,Gastos!$G:$G,$A14,Gastos!$E:$E,$B14,Gastos!$I:$I,G$6)) | H14: =IF($A14="","",SUMIFS(Gastos!$J:$J,Gastos!$G:$G,$A14,Gastos!$E:$E,$B14,Gastos!$I:$I,H$6)) | I14: =IF($A14="","",SUMIFS(Gastos!$J:$J,Gastos!$G:$G,$A14,Gastos!$E:$E,$B14,Gastos!$I:$I,I$6)) | J14: =IF($A14="","",SUMIFS(Gastos!$J:$J,Gastos!$G:$G,$A14,Gastos!$E:$E,$B14,Gastos!$I:$I,J$6)) | K14: =IF(A14="","",SUMIFS(Gastos!$J:$J,Gastos!$G:$G,$A14,Gastos!$E:$E,$B14)) | L14: =IF(OR(A14="",$B$3=""),"",K14/$B$3) | M14: =IF(A14="","",IF(OR(C14="",TODAY()>=C14),K14,K14/MAX(1,TODAY()-(EDATE(C14,-1)+1)+1)*(C14-(EDATE(C14,-1)+1)+1))) | N14: =IF(OR(A14="",$B$3=""),"",M14/$B$3)
C15: =IF(OR(A15="",B15="pareja"),"",DATE(YEAR(A15),MONTH(A15)-1,IF(B15="iO",25,10))) | D15: =IF($A15="","",SUMIFS(Gastos!$J:$J,Gastos!$G:$G,$A15,Gastos!$E:$E,$B15,Gastos!$I:$I,D$6)) | E15: =IF($A15="","",SUMIFS(Gastos!$J:$J,Gastos!$G:$G,$A15,Gastos!$E:$E,$B15,Gastos!$I:$I,E$6)) | F15: =IF($A15="","",SUMIFS(Gastos!$J:$J,Gastos!$G:$G,$A15,Gastos!$E:$E,$B15,Gastos!$I:$I,F$6)) | G15: =IF($A15="","",SUMIFS(Gastos!$J:$J,Gastos!$G:$G,$A15,Gastos!$E:$E,$B15,Gastos!$I:$I,G$6)) | H15: =IF($A15="","",SUMIFS(Gastos!$J:$J,Gastos!$G:$G,$A15,Gastos!$E:$E,$B15,Gastos!$I:$I,H$6)) | I15: =IF($A15="","",SUMIFS(Gastos!$J:$J,Gastos!$G:$G,$A15,Gastos!$E:$E,$B15,Gastos!$I:$I,I$6)) | J15: =IF($A15="","",SUMIFS(Gastos!$J:$J,Gastos!$G:$G,$A15,Gastos!$E:$E,$B15,Gastos!$I:$I,J$6)) | K15: =IF(A15="","",SUMIFS(Gastos!$J:$J,Gastos!$G:$G,$A15,Gastos!$E:$E,$B15)) | L15: =IF(OR(A15="",$B$3=""),"",K15/$B$3) | M15: =IF(A15="","",IF(OR(C15="",TODAY()>=C15),K15,K15/MAX(1,TODAY()-(EDATE(C15,-1)+1)+1)*(C15-(EDATE(C15,-1)+1)+1))) | N15: =IF(OR(A15="",$B$3=""),"",M15/$B$3)
C16: =IF(OR(A16="",B16="pareja"),"",DATE(YEAR(A16),MONTH(A16)-1,IF(B16="iO",25,10))) | D16: =IF($A16="","",SUMIFS(Gastos!$J:$J,Gastos!$G:$G,$A16,Gastos!$E:$E,$B16,Gastos!$I:$I,D$6)) | E16: =IF($A16="","",SUMIFS(Gastos!$J:$J,Gastos!$G:$G,$A16,Gastos!$E:$E,$B16,Gastos!$I:$I,E$6)) | F16: =IF($A16="","",SUMIFS(Gastos!$J:$J,Gastos!$G:$G,$A16,Gastos!$E:$E,$B16,Gastos!$I:$I,F$6)) | G16: =IF($A16="","",SUMIFS(Gastos!$J:$J,Gastos!$G:$G,$A16,Gastos!$E:$E,$B16,Gastos!$I:$I,G$6)) | H16: =IF($A16="","",SUMIFS(Gastos!$J:$J,Gastos!$G:$G,$A16,Gastos!$E:$E,$B16,Gastos!$I:$I,H$6)) | I16: =IF($A16="","",SUMIFS(Gastos!$J:$J,Gastos!$G:$G,$A16,Gastos!$E:$E,$B16,Gastos!$I:$I,I$6)) | J16: =IF($A16="","",SUMIFS(Gastos!$J:$J,Gastos!$G:$G,$A16,Gastos!$E:$E,$B16,Gastos!$I:$I,J$6)) | K16: =IF(A16="","",SUMIFS(Gastos!$J:$J,Gastos!$G:$G,$A16,Gastos!$E:$E,$B16)) | L16: =IF(OR(A16="",$B$3=""),"",K16/$B$3) | M16: =IF(A16="","",IF(OR(C16="",TODAY()>=C16),K16,K16/MAX(1,TODAY()-(EDATE(C16,-1)+1)+1)*(C16-(EDATE(C16,-1)+1)+1))) | N16: =IF(OR(A16="",$B$3=""),"",M16/$B$3)
A17: Total | D17: =SUM(D7:D16) | E17: =SUM(E7:E16) | F17: =SUM(F7:F16) | G17: =SUM(G7:G16) | H17: =SUM(H7:H16) | I17: =SUM(I7:I16) | J17: =SUM(J7:J16) | K17: =SUM(K7:K16) | L17: =IF($B$3="","",K17/$B$3) | M17: =SUM(M7:M16) | N17: =IF($B$3="","",M17/$B$3)
A19: Los montos en dólares se convierten con el tipo de cambio de B4. 'Aprox. al cierre' proyecta el ritmo diario del ciclo hasta el corte (más confiable a mitad de ciclo que al inicio).
A20: Para agregar otro ciclo, escribe su Fecha de Pago y Tarjeta en las celdas amarillas libres de arriba.

Sheet Léeme
A1: Cómo usar esta hoja
A3: 1) En la pestaña 'Gastos', llena solo las columnas amarillas de ejemplo (fila 2 es una muestra, bórrala o sobrescríbela):
A4: - Fecha: fecha en que se hizo la compra.
A5: - Comercio: dónde se hizo el gasto.
A6: - Monto: monto de la compra.
A7: - Moneda: Soles o Dólares (lista desplegable).
A8: - Tarjeta: iO o BBVA (lista desplegable).
A9: - Estado: Pendiente o Pagado (lista desplegable, la actualizas tú).
A11: 2) Las columnas 'Corte' y 'Fecha de Pago' se calculan solas con fórmulas, según estas reglas:
A12: - Tarjeta iO: corte el día 25 de cada mes, pago el día 12 del mes siguiente al corte.
A13: - Tarjeta BBVA: corte el día 10 de cada mes, pago el día 5 del mes siguiente al corte.
A14: - Un gasto hecho después del día de corte pasa automáticamente al siguiente ciclo.
... A25: total por segmento, % de tu ingreso y un aproximado de lo que gastarás al corte. Llena tu ingreso (B3) y el tipo de cambio (B4).
