Workbook

Sheet Leeme
A1: Seguimiento nutricional · 12 semanas
A2: Cliente: mujer adulta · 165 cm · 64,5 kg → meta 61 kg · entrena 2–3 días/semana
A4: Cómo usar este libro
A5: 1. Perfil | B5: Datos y supuestos (celdas azules = editables). Cambia edad, factor de actividad o gramos por medida casera y todo se recalcula.
A6: 2. Plan_12sem | B6: Peso objetivo, calorías y macros por semana (fórmulas Mifflin-St Jeor), palancas de ajuste y pérdida esperada.
A7: 3. Alimentos | B7: Base TPCA (INS, Perú) por 100 g. Es la tabla que alimenta todos los cálculos.
A8: 4. Menu_S1 / Resumen_S1 | B8: Menú planificado de la semana 1 con gramos, kcal y macros por día.
A9: 5. Registro | B9: CADA FIN DE SEMANA: llenar semana, día, comida, alimento (lista), cantidad y unidad según la foto. Calcula solo.
A10: 6. Dia_Detalle | B10: Elige la semana en C3 y ve día por día cuánto cumplió, cuánto falta o sobra.
A11: 7. Control_Semanal | B11: Resumen de las 12 semanas: cumplimiento, faltante de kcal y proteína.
A12: 8. Peso | B12: Registrar peso cada semana y rendimiento en gym (1–5). Incluye gráfico objetivo vs real.
A13: 9. Reglas | B13: Palancas de ajuste y criterios de decisión para proteger el rendimiento.
A15: Supuestos importantes
A16: Edad | B16: No fue indicada: se asume 25 años (afecta ±50 kcal). Corregir en Perfil.
A17: Actividad | B17: Factor 1,35 = estudiante + gym 2–3 días/semana.
A18: Scoop de avena | B18: Se asume 25 g de hojuela cruda por scoop (verificar con balanza una vez).
A19: Rebanada de pan de molde | B19: Se asume 25 g por rebanada (verificar con el pan que usa).
A20: Cucharón de arroz | B20: 70 g de arroz cocido por cucharón (3 cucharones ≈ 210 g).
A21: Papa grande | B21: 150 g pelada y sancochada (2 papas ≈ 300 g).
A22: Tomatodo | B22: 800 ml: 3 tomatodos ≈ 2,4 L.
A23: Estimación por foto | B23: Es aproximada (±10–15 %). Sirve para tendencia; el peso semanal es el control real.

Sheet Perfil
A1: Perfil y supuestos
A2: Celdas azules = editables
B4: Sexo | C4: Mujer
B5: Edad (años) — supuesto | C5: 25
B6: Talla (cm) | C6: 165
B7: Peso inicial (kg) | C7: 64.5
B8: Peso meta semana 12 (kg) | C8: 61
B9: Factor de actividad (PAL) | C9: 1.35
B10: Proteína (g/kg) | C10: 1.6
B11: Grasa (g/kg) | C11: 0.6
B12: Piso de calorías (kcal/día) | C12: 1500
B13: Inicio semana 1 (lunes) | C13: 46307
B14: kcal por kg de peso | C14: 7700
B15: Tomatodo (ml) | C15: 800
B18: Unidad (medida casera) | C18: Gramos por unidad
B19: rebanada | C19: 25 | E19: Rebanada de pan de molde
B20: scoop | C20: 25 | E20: Scoop de avena (hojuela cruda)
B21: cucharón | C21: 70 | E21: Cucharón de arroz cocido
B22: papa grande | C22: 150 | E22: Papa grande pelada y sancochada
B23: cdta | C23: 5 | E23: Cucharadita de aceite
B24: g | C24: 1 | E24: Gramos (directo)

Sheet Plan_12sem
A1: Plan de 12 semanas
A2: 64,5 kg → 61 kg · descenso progresivo (0,20 → 0,25 → 0,30 kg/sem) para cuidar el rendimiento en gym
A4: Sem | B4: Inicio | C4: Fin | D4: Peso objetivo fin de sem (kg) | E4: Peso inicio de sem (kg) | F4: Cambio esperado (kg) | G4: BMR (kcal) | H4: Gasto total GET (kcal) | I4: Déficit (kcal/día) | J4: META kcal/día | K4: Meta kcal/semana | L4: Proteína (g/día) | M4: Grasa (g/día) | N4: Carbo (g/día) | O4: Agua (L/día) | P4: Tomatodos | Q4: L1 queso 100 g | R4: L2 cena carbo 1/4 | S4: L3 almuerzo carbo 1/4 | T4: L4 merienda avena 1,5 | U4: L5 sin aceite | V4: Recorte vs plan S1 (kcal/día) | W4: kcal estimadas del plan | X4: Brecha vs meta (kcal) | Y4: Pérdida esperada (kg/sem) | Z4: Notas
A5: 1 | B5: =Perfil!$C$13+(A5-1)*7 -> 46307 | C5: =B5+6 -> 46313 | D5: 64.3 | E5: =Perfil!$C$7 -> 64.5 | F5: =E5-D5 -> 0.2 | G5: =10*E5+6.25*Perfil!$C$6-5*Perfil!$C$5-161 -> 1390.25 | H5: =G5*Perfil!$C$9 -> 1876.8375 | I5: =F5*Perfil!$C$14/7 -> 220 | J5: =MAX(Perfil!$C$12,ROUND(H5-I5,-1)) -> 1660 | K5: =J5*7 -> 11620 | L5: =ROUND(E5*Perfil!$C$10,0) -> 103 | M5: =ROUND(E5*Perfil!$C$11,0) -> 39 | N5: =ROUND((J5-4*L5-9*M5)/4,0) -> 224 | O5: =ROUND(E5*0.037,1) -> 2.4 | P5: =ROUND(O5*1000/Perfil!$C$15,1) -> 3 | Q5: 0 | R5: 0 | S5: 0 | T5: 0 | U5: 0 | V5: =Q5*Reglas!$C$6+R5*Reglas!$C$7+S5*Reglas!$C$8+T5*Reglas!$C$9+U5*Reglas!$C$10 -> 0 | W5: =Resumen_S1!$F$12-V5 -> 1762.8143 | X5: =W5-J5 -> 102.81429 | Y5: =(H5-W5)*7/Perfil!$C$14 -> 0.10365747 | Z5: Plan base del cliente. Tomar fotos fin de semana.
A6: 2 | B6: =Perfil!$C$13+(A6-1)*7 -> 46314 | C6: =B6+6 -> 46320 | D6: 64.05 | E6: =D5 -> 64.3 | F6: =E6-D6 -> 0.25 | G6: =10*E6+6.25*Perfil!$C$6-5*Perfil!$C$5-161 -> 1388.25 | H6: =G6*Perfil!$C$9 -> 1874.1375 | I6: =F6*Perfil!$C$14/7 -> 275 | J6: =MAX(Perfil!$C$12,ROUND(H6-I6,-1)) -> 1600 | K6: =J6*7 -> 11200 | L6: =ROUND(E6*Perfil!$C$10,0) -> 103 | M6: =ROUND(E6*Perfil!$C$11,0) -> 39 | N6: =ROUND((J6-4*L6-9*M6)/4,0) -> 209 | O6: =ROUND(E6*0.037,1) -> 2.4 | P6: =ROUND(O6*1000/Perfil!$C$15,1) -> 3 | Q6: 1 | R6: 1 | S6: 0 | T6: 0 | U6: 0 | V6: =Q6*Reglas!$C$6+R6*Reglas!$C$7+S6*Reglas!$C$8+T6*Reglas!$C$9+U6*Reglas!$C$10 -> 93 | W6: =Resumen_S1!$F$12-V6 -> 1669.8143 | X6: =W6-J6 -> 69.814286 | Y6: =(H6-W6)*7/Perfil!$C$14 -> 0.18574838 | Z6: Primeros recortes suaves.
A7: 3 | B7: =Perfil!$C$13+(A7-1)*7 -> 46321 | C7: =B7+6 -> 46327 | D7: 63.75 | E7: =D6 -> 64.05 | F7: =E7-D7 -> 0.3 | G7: =10*E7+6.25*Perfil!$C$6-5*Perfil!$C$5-161 -> 1385.75 | H7: =G7*Perfil!$C$9 -> 1870.7625 | I7: =F7*Perfil!$C$14/7 -> 330 | J7: =MAX(Perfil!$C$12,ROUND(H7-I7,-1)) -> 1540 | K7: =J7*7 -> 10780 | L7: =ROUND(E7*Perfil!$C$10,0) -> 102 | M7: =ROUND(E7*Perfil!$C$11,0) -> 38 | N7: =ROUND((J7-4*L7-9*M7)/4,0) -> 198 | O7: =ROUND(E7*0.037,1) -> 2.4 | P7: =ROUND(O7*1000/Perfil!$C$15,1) -> 3 | Q7: 1 | R7: 1 | S7: 1 | T7: 0 | U7: 0 | V7: =Q7*Reglas!$C$6+R7*Reglas!$C$7+S7*Reglas!$C$8+T7*Reglas!$C$9+U7*Reglas!$C$10 -> 153 | W7: =Resumen_S1!$F$12-V7 -> 1609.8143 | X7: =W7-J7 -> 69.814286 | Y7: =(H7-W7)*7/Perfil!$C$14 -> 0.23722565
A8: 4 | B8: =Perfil!$C$13+(A8-1)*7 -> 46328 | C8: =B8+6 -> 46334 | D8: 63.45 | E8: =D7 -> 63.75 | F8: =E8-D8 -> 0.3 | G8: =10*E8+6.25*Perfil!$C$6-5*Perfil!$C$5-161 -> 1382.75 | H8: =G8*Perfil!$C$9 -> 1866.7125 | I8: =F8*Perfil!$C$14/7 -> 330 | J8: =MAX(Perfil!$C$12,ROUND(H8-I8,-1)) -> 1540 | K8: =J8*7 -> 10780 | L8: =ROUND(E8*Perfil!$C$10,0) -> 102 | M8: =ROUND(E8*Perfil!$C$11,0) -> 38 | N8: =ROUND((J8-4*L8-9*M8)/4,0) -> 198 | O8: =ROUND(E8*0.037,1) -> 2.4 | P8: =ROUND(O8*1000/Perfil!$C$15,1) -> 3 | Q8: 1 | R8: 1 | S8: 1 | T8: 1 | U8: 0 | V8: =Q8*Reglas!$C$6+R8*Reglas!$C$7+S8*Reglas!$C$8+T8*Reglas!$C$9+U8*Reglas!$C$10 -> 195 | W8: =Resumen_S1!$F$12-V8 -> 1567.8143 | X8: =W8-J8 -> 27.814286 | Y8: =(H8-W8)*7/Perfil!$C$14 -> 0.27172565
A9: 5 | B9: =Perfil!$C$13+(A9-1)*7 -> 46335 | C9: =B9+6 -> 46341 | D9: 63.15 | E9: =D8 -> 63.45 | F9: =E9-D9 -> 0.3 | G9: =10*E9+6.25*Perfil!$C$6-5*Perfil!$C$5-161 -> 1379.75 | H9: =G9*Perfil!$C$9 -> 1862.6625 | I9: =F9*Perfil!$C$14/7 -> 330 | J9: =MAX(Perfil!$C$12,ROUND(H9-I9,-1)) -> 1530 | K9: =J9*7 -> 10710 | L9: =ROUND(E9*Perfil!$C$10,0) -> 102 | M9: =ROUND(E9*Perfil!$C$11,0) -> 38 | N9: =ROUND((J9-4*L9-9*M9)/4,0) -> 195 | O9: =ROUND(E9*0.037,1) -> 2.3 | P9: =ROUND(O9*1000/Perfil!$C$15,1) -> 2.9 | Q9: 1 | R9: 1 | S9: 1 | T9: 1 | U9: 1 | V9: =Q9*Reglas!$C$6+R9*Reglas!$C$7+S9*Reglas!$C$8+T9*Reglas!$C$9+U9*Reglas!$C$10 -> 239 | W9: =Resumen_S1!$F$12-V9 -> 1523.8143 | X9: =W9-J9 -> -6.1857143 | Y9: =(H9-W9)*7/Perfil!$C$14 -> 0.30804383
A10: 6 | B10: =Perfil!$C$13+(A10-1)*7 -> 46342 | C10: =B10+6 -> 46348 | D10: 62.85 | E10: =D9 -> 63.15 | F10: =E10-D10 -> 0.3 | G10: =10*E10+6.25*Perfil!$C$6-5*Perfil!$C$5-161 -> 1376.75 | H10: =G10*Perfil!$C$9 -> 1858.6125 | I10: =F10*Perfil!$C$14/7 -> 330 | J10: =MAX(Perfil!$C$12,ROUND(H10-I10,-1)) -> 1530 | K10: =J10*7 -> 10710 | L10: =ROUND(E10*Perfil!$C$10,0) -> 101 | M10: =ROUND(E10*Perfil!$C$11,0) -> 38 | N10: =ROUND((J10-4*L10-9*M10)/4,0) -> 196 | O10: =ROUND(E10*0.037,1) -> 2.3 | P10: =ROUND(O10*1000/Perfil!$C$15,1) -> 2.9 | Q10: 1 | R10: 1 | S10: 1 | T10: 1 | U10: 1 | V10: =Q10*Reglas!$C$6+R10*Reglas!$C$7+S10*Reglas!$C$8+T10*Reglas!$C$9+U10*Reglas!$C$10 -> 239 | W10: =Resumen_S1!$F$12-V10 -> 1523.8143 | X10: =W10-J10 -> -6.1857143 | Y10: =(H10-W10)*7/Perfil!$C$14 -> 0.30436201 | Z10: Pesar 2 semanas seguidas antes de recortar más.
A11: 7 | B11: =Perfil!$C$13+(A11-1)*7 -> 46349 | C11: =B11+6 -> 46355 | D11: 62.55 | E11: =D10 -> 62.85 | F11: =E11-D11 -> 0.3 | G11: =10*E11+6.25*Perfil!$C$6-5*Perfil!$C$5-161 -> 1373.75 | H11: =G11*Perfil!$C$9 -> 1854.5625 | I11: =F11*Perfil!$C$14/7 -> 330 | J11: =MAX(Perfil!$C$12,ROUND(H11-I11,-1)) -> 1520 | K11: =J11*7 -> 10640 | L11: =ROUND(E11*Perfil!$C$10,0) -> 101 | M11: =ROUND(E11*Perfil!$C$11,0) -> 38 | N11: =ROUND((J11-4*L11-9*M11)/4,0) -> 194 | O11: =ROUND(E11*0.037,1) -> 2.3 | P11: =ROUND(O11*1000/Perfil!$C$15,1) -> 2.9 | Q11: 1 | R11: 1 | S11: 1 | T11: 1 | U11: 1 | V11: =Q11*Reglas!$C$6+R11*Reglas!$C$7+S11*Reglas!$C$8+T11*Reglas!$C$9+U11*Reglas!$C$10 -> 239 | W11: =Resumen_S1!$F$12-V11 -> 1523.8143 | X11: =W11-J11 -> 3.8142857 | Y11: =(H11-W11)*7/Perfil!$C$14 -> 0.30068019 | Z11: Si el gym baja: +150 kcal pre-entreno (merienda) por 1 semana.
A12: 8 | B12: =Perfil!$C$13+(A12-1)*7 -> 46356 | C12: =B12+6 -> 46362 | D12: 62.25 | E12: =D11 -> 62.55 | F12: =E12-D12 -> 0.3 | G12: =10*E12+6.25*Perfil!$C$6-5*Perfil!$C$5-161 -> 1370.75 | H12: =G12*Perfil!$C$9 -> 1850.5125 | I12: =F12*Perfil!$C$14/7 -> 330 | J12: =MAX(Perfil!$C$12,ROUND(H12-I12,-1)) -> 1520 | K12: =J12*7 -> 10640 | L12: =ROUND(E12*Perfil!$C$10,0) -> 100 | M12: =ROUND(E12*Perfil!$C$11,0) -> 38 | N12: =ROUND((J12-4*L12-9*M12)/4,0) -> 195 | O12: =ROUND(E12*0.037,1) -> 2.3 | P12: =ROUND(O12*1000/Perfil!$C$15,1) -> 2.9 | Q12: 1 | R12: 1 | S12: 1 | T12: 1 | U12: 1 | V12: =Q12*Reglas!$C$6+R12*Reglas!$C$7+S12*Reglas!$C$8+T12*Reglas!$C$9+U12*Reglas!$C$10 -> 239 | W12: =Resumen_S1!$F$12-V12 -> 1523.8143 | X12: =W12-J12 -> 3.8142857 | Y12: =(H12-W12)*7/Perfil!$C$14 -> 0.29699838
A13: 9 | B13: =Perfil!$C$13+(A13-1)*7 -> 46363 | C13: =B13+6 -> 46369 | D13: 61.95 | E13: =D12 -> 62.25 | F13: =E13-D13 -> 0.3 | G13: =10*E13+6.25*Perfil!$C$6-5*Perfil!$C$5-161 -> 1367.75 | H13: =G13*Perfil!$C$9 -> 1846.4625 | I13: =F13*Perfil!$C$14/7 -> 330 | J13: =MAX(Perfil!$C$12,ROUND(H13-I13,-1)) -> 1520 | K13: =J13*7 -> 10640 | L13: =ROUND(E13*Perfil!$C$10,0) -> 100 | M13: =ROUND(E13*Perfil!$C$11,0) -> 37 | N13: =ROUND((J13-4*L13-9*M13)/4,0) -> 197 | O13: =ROUND(E13*0.037,1) -> 2.3 | P13: =ROUND(O13*1000/Perfil!$C$15,1) -> 2.9 | Q13: 1 | R13: 1 | S13: 1 | T13: 1 | U13: 1 | V13: =Q13*Reglas!$C$6+R13*Reglas!$C$7+S13*Reglas!$C$8+T13*Reglas!$C$9+U13*Reglas!$C$10 -> 239 | W13: =Resumen_S1!$F$12-V13 -> 1523.8143 | X13: =W13-J13 -> 3.8142857 | Y13: =(H13-W13)*7/Perfil!$C$14 -> 0.29331656
A14: 10 | B14: =Perfil!$C$13+(A14-1)*7 -> 46370 | C14: =B14+6 -> 46376 | D14: 61.65 | E14: =D13 -> 61.95 | F14: =E14-D14 -> 0.3 | G14: =10*E14+6.25*Perfil!$C$6-5*Perfil!$C$5-161 -> 1364.75 | H14: =G14*Perfil!$C$9 -> 1842.4125 | I14: =F14*Perfil!$C$14/7 -> 330 | J14: =MAX(Perfil!$C$12,ROUND(H14-I14,-1)) -> 1510 | K14: =J14*7 -> 10570 | L14: =ROUND(E14*Perfil!$C$10,0) -> 99 | M14: =ROUND(E14*Perfil!$C$11,0) -> 37 | N14: =ROUND((J14-4*L14-9*M14)/4,0) -> 195 | O14: =ROUND(E14*0.037,1) -> 2.3 | P14: =ROUND(O14*1000/Perfil!$C$15,1) -> 2.9 | Q14: 1 | R14: 1 | S14: 1 | T14: 1 | U14: 1 | V14: =Q14*Reglas!$C$6+R14*Reglas!$C$7+S14*Reglas!$C$8+T14*Reglas!$C$9+U14*Reglas!$C$10 -> 239 | W14: =Resumen_S1!$F$12-V14 -> 1523.8143 | X14: =W14-J14 -> 13.814286 | Y14: =(H14-W14)*7/Perfil!$C$14 -> 0.28963474
A15: 11 | B15: =Perfil!$C$13+(A15-1)*7 -> 46377 | C15: =B15+6 -> 46383 | D15: 61.35 | E15: =D14 -> 61.65 | F15: =E15-D15 -> 0.3 | G15: =10*E15+6.25*Perfil!$C$6-5*Perfil!$C$5-161 -> 1361.75 | H15: =G15*Perfil!$C$9 -> 1838.3625 | I15: =F15*Perfil!$C$14/7 -> 330 | J15: =MAX(Perfil!$C$12,ROUND(H15-I15,-1)) -> 1510 | K15: =J15*7 -> 10570 | L15: =ROUND(E15*Perfil!$C$10,0) -> 99 | M15: =ROUND(E15*Perfil!$C$11,0) -> 37 | N15: =ROUND((J15-4*L15-9*M15)/4,0) -> 195 | O15: =ROUND(E15*0.037,1) -> 2.3 | P15: =ROUND(O15*1000/Perfil!$C$15,1) -> 2.9 | Q15: 1 | R15: 1 | S15: 1 | T15: 1 | U15: 1 | V15: =Q15*Reglas!$C$6+R15*Reglas!$C$7+S15*Reglas!$C$8+T15*Reglas!$C$9+U15*Reglas!$C$10 -> 239 | W15: =Resumen_S1!$F$12-V15 -> 1523.8143 | X15: =W15-J15 -> 13.814286 | Y15: =(H15-W15)*7/Perfil!$C$14 -> 0.28595292
A16: 12 | B16: =Perfil!$C$13+(A16-1)*7 -> 46384 | C16: =B16+6 -> 46390 | D16: 61 | E16: =D15 -> 61.35 | F16: =E16-D16 -> 0.35 | G16: =10*E16+6.25*Perfil!$C$6-5*Perfil!$C$5-161 -> 1358.75 | H16: =G16*Perfil!$C$9 -> 1834.3125 | I16: =F16*Perfil!$C$14/7 -> 385 | J16: =MAX(Perfil!$C$12,ROUND(H16-I16,-1)) -> 1500 | K16: =J16*7 -> 10500 | L16: =ROUND(E16*Perfil!$C$10,0) -> 98 | M16: =ROUND(E16*Perfil!$C$11,0) -> 37 | N16: =ROUND((J16-4*L16-9*M16)/4,0) -> 194 | O16: =ROUND(E16*0.037,1) -> 2.3 | P16: =ROUND(O16*1000/Perfil!$C$15,1) -> 2.9 | Q16: 1 | R16: 1 | S16: 1 | T16: 1 | U16: 1 | V16: =Q16*Reglas!$C$6+R16*Reglas!$C$7+S16*Reglas!$C$8+T16*Reglas!$C$9+U16*Reglas!$C$10 -> 239 | W16: =Resumen_S1!$F$12-V16 -> 1523.8143 | X16: =W16-J16 -> 23.814286 | Y16: =(H16-W16)*7/Perfil!$C$14 -> 0.2822711 | Z16: Cierre: ver Reglas para mantenimiento.
A18: Lectura: META kcal es el objetivo fisiológico; 'kcal estimadas del plan' es lo que da el menú con las palancas activas. Brecha positiva = el plan aún está sobre la meta.
A19: Peso objetivo de la semana 12: 61,0 kg. Las variaciones de ±0,5 kg por agua/ciclo son normales: decidir con el promedio de 2 semanas.

Sheet Alimentos
A1: Base de alimentos (por 100 g)
A2: Fuente: Tablas Peruanas de Composición de Alimentos (INS/CENAN). Valores editables.
A4: Clave | B4: Alimento | C4: Código TPCA | D4: Estado | E4: kcal | F4: Proteína (g) | G4: Grasa (g) | H4: Carbohidrato (g) | I4: Categoría
A5: pan_molde | B5: Pan de molde | C5: A-47 | D5: listo | E5: 317 | F5: 6.8 | G5: 2.5 | H5: 69.2 | I5: Desayuno/merienda
A6: pan_frances | B6: Pan francés fortificado | C6: A-49 | D6: listo | E6: 277 | F6: 8.4 | G6: 0.2 | H6: 62.9 | I6: Desayuno/merienda
A7: avena | B7: Avena, hojuela cruda | C7: A-7 | D7: crudo | E7: 333 | F7: 13.3 | G7: 4 | H7: 72.2 | I7: Desayuno/merienda
A8: quinua_hoj | B8: Quinua, hojuelas de | C8: A-59 | D8: crudo | E8: 376 | F8: 13.9 | G8: 7.4 | H8: 63.1 | I8: Desayuno/merienda
A9: arroz | B9: Arroz pilado cocido | C9: A-2 | D9: cocido | E9: 115 | F9: 2.4 | G9: 0.1 | H9: 25.2 | I9: Carbohidrato
A10: papa | B10: Papa blanca (pelada, sancochada) | C10: U-19 | D10: cocido | E10: 87 | F10: 2.1 | G10: 0.1 | H10: 22.3 | I10: Carbohidrato
A11: papa_amar | B11: Papa amarilla sin cáscara | C11: U-18 | D11: cocido | E11: 101 | F11: 2 | G11: 0.4 | H11: 23.3 | I11: Carbohidrato
A12: camote | B12: Camote amarillo sin cáscara | C12: U-3 | D12: cocido | E12: 95 | F12: 2 | G12: 0 | H12: 23.4 | I12: Carbohidrato
A13: fideo | B13: Fideo tallarín sancochado | C13: A-23 | D13: cocido | E13: 90 | F13: 3.1 | G13: 0 | H13: 21.3 | I13: Carbohidrato
A14: quinua_coc | B14: Quinua cocida | C14: A-53 | D14: cocido | E14: 89 | F14: 2.8 | G14: 1.3 | H14: 16.3 | I14: Carbohidrato
A15: pollo_pech | B15: Pollo, pechuga sin piel (cruda) | C15: F-20 | D15: crudo | E15: 108 | F15: 19.2 | G15: 2.9 | H15: 0 | I15: Proteína
A16: pollo_pulpa | B16: Pollo, carne pulpa (cruda) | C16: F-26 | D16: crudo | E16: 119 | F16: 21.4 | G16: 3.1 | H16: 0 | I16: Proteína
... A40: aceite | B40: Aceite de oliva (valor estándar, no TPCA) | C40: EST | D40: — | E40: 884 | F40: 0 | G40: 100 | H40: 0 | I40: Grasa/lácteo

Sheet Menu_S1
A1: Menú semana 1 · 12 al 18 de octubre
A2: Cantidad × unidad = gramos. Valores nutricionales vía base TPCA.
A4: Día | B4: Comida | C4: Alimento | D4: Cantidad | E4: Unidad | F4: Gramos | G4: kcal | H4: Proteína (g) | I4: Grasa (g) | J4: Carbohidrato (g)
A5: Lunes | B5: Desayuno | C5: Pan de molde | D5: 3 | E5: rebanada | F5: =D5*IFERROR(VLOOKUP(E5,Perfil!$B$19:$C$24,2,0),1) -> 75 | G5: =F5/100*INDEX(Alimentos!$E$5:$E$40,MATCH($C5,Alimentos!$B$5:$B$40,0)) -> 237.75 | H5: =F5/100*INDEX(Alimentos!$F$5:$F$40,MATCH($C5,Alimentos!$B$5:$B$40,0)) -> 5.1 | I5: =F5/100*INDEX(Alimentos!$G$5:$G$40,MATCH($C5,Alimentos!$B$5:$B$40,0)) -> 1.875 | J5: =F5/100*INDEX(Alimentos!$H$5:$H$40,MATCH($C5,Alimentos!$B$5:$B$40,0)) -> 51.9
A6: Lunes | B6: Desayuno | C6: Avena, hojuela cruda | D6: 1 | E6: scoop | F6: =D6*IFERROR(VLOOKUP(E6,Perfil!$B$19:$C$24,2,0),1) -> 25 | G6: =F6/100*INDEX(Alimentos!$E$5:$E$40,MATCH($C6,Alimentos!$B$5:$B$40,0)) -> 83.25 | H6: =F6/100*INDEX(Alimentos!$F$5:$F$40,MATCH($C6,Alimentos!$B$5:$B$40,0)) -> 3.325 | I6: =F6/100*INDEX(Alimentos!$G$5:$G$40,MATCH($C6,Alimentos!$B$5:$B$40,0)) -> 1 | J6: =F6/100*INDEX(Alimentos!$H$5:$H$40,MATCH($C6,Alimentos!$B$5:$B$40,0)) -> 18.05
A7: Lunes | B7: Desayuno | C7: Palta (pulpa) | D7: 45 | E7: g | F7: =D7*IFERROR(VLOOKUP(E7,Perfil!$B$19:$C$24,2,0),1) -> 45 | G7: =F7/100*INDEX(Alimentos!$E$5:$E$40,MATCH($C7,Alimentos!$B$5:$B$40,0)) -> 58.5 | H7: =F7/100*INDEX(Alimentos!$F$5:$F$40,MATCH($C7,Alimentos!$B$5:$B$40,0)) -> 0.765 | I7: =F7/100*INDEX(Alimentos!$G$5:$G$40,MATCH($C7,Alimentos!$B$5:$B$40,0)) -> 5.625 | J7: =F7/100*INDEX(Alimentos!$H$5:$H$40,MATCH($C7,Alimentos!$B$5:$B$40,0)) -> 2.52
A8: Lunes | B8: Almuerzo | C8: Arroz pilado cocido | D8: 3 | E8: cucharón | F8: =D8*IFERROR(VLOOKUP(E8,Perfil!$B$19:$C$24,2,0),1) -> 210 | G8: =F8/100*INDEX(Alimentos!$E$5:$E$40,MATCH($C8,Alimentos!$B$5:$B$40,0)) -> 241.5 | H8: =F8/100*INDEX(Alimentos!$F$5:$F$40,MATCH($C8,Alimentos!$B$5:$B$40,0)) -> 5.04 | I8: =F8/100*INDEX(Alimentos!$G$5:$G$40,MATCH($C8,Alimentos!$B$5:$B$40,0)) -> 0.21 | J8: =F8/100*INDEX(Alimentos!$H$5:$H$40,MATCH($C8,Alimentos!$B$5:$B$40,0)) -> 52.92
A9: Lunes | B9: Almuerzo | C9: Pollo, pechuga sin piel (cruda) | D9: 150 | E9: g | F9: =D9*IFERROR(VLOOKUP(E9,Perfil!$B$19:$C$24,2,0),1) -> 150 | G9: =F9/100*INDEX(Alimentos!$E$5:$E$40,MATCH($C9,Alimentos!$B$5:$B$40,0)) -> 162 | H9: =F9/100*INDEX(Alimentos!$F$5:$F$40,MATCH($C9,Alimentos!$B$5:$B$40,0)) -> 28.8 | I9: =F9/100*INDEX(Alimentos!$G$5:$G$40,MATCH($C9,Alimentos!$B$5:$B$40,0)) -> 4.35 | J9: =F9/100*INDEX(Alimentos!$H$5:$H$40,MATCH($C9,Alimentos!$B$5:$B$40,0)) -> 0
A10: Lunes | B10: Almuerzo | C10: Lechuga americana | D10: 80 | E10: g | F10: =D10*IFERROR(VLOOKUP(E10,Perfil!$B$19:$C$24,2,0),1) -> 80 | G10: =F10/100*INDEX(Alimentos!$E$5:$E$40,MATCH($C10,Alimentos!$B$5:$B$40,0)) -> 5.6 | H10: =F10/100*INDEX(Alimentos!$F$5:$F$40,MATCH($C10,Alimentos!$B$5:$B$40,0)) -> 0.48 | I10: =F10/100*INDEX(Alimentos!$G$5:$G$40,MATCH($C10,Alimentos!$B$5:$B$40,0)) -> 0.08 | J10: =F10/100*INDEX(Alimentos!$H$5:$H$40,MATCH($C10,Alimentos!$B$5:$B$40,0)) -> 1.92
A11: Lunes | B11: Almuerzo | C11: Tomate | D11: 80 | E11: g | F11: =D11*IFERROR(VLOOKUP(E11,Perfil!$B$19:$C$24,2,0),1) -> 80 | G11: =F11/100*INDEX(Alimentos!$E$5:$E$40,MATCH($C11,Alimentos!$B$5:$B$40,0)) -> 12 | H11: =F11/100*INDEX(Alimentos!$F$5:$F$40,MATCH($C11,Alimentos!$B$5:$B$40,0)) -> 0.64 | I11: =F11/100*INDEX(Alimentos!$G$5:$G$40,MATCH($C11,Alimentos!$B$5:$B$40,0)) -> 0.16 | J11: =F11/100*INDEX(Alimentos!$H$5:$H$40,MATCH($C11,Alimentos!$B$5:$B$40,0)) -> 3.44
A12: Lunes | B12: Almuerzo | C12: Zanahoria | D12: 40 | E12: g | F12: =D12*IFERROR(VLOOKUP(E12,Perfil!$B$19:$C$24,2,0),1) -> 40 | G12: =F12/100*INDEX(Alimentos!$E$5:$E$40,MATCH($C12,Alimentos!$B$5:$B$40,0)) -> 7.6 | H12: =F12/100*INDEX(Alimentos!$F$5:$F$40,MATCH($C12,Alimentos!$B$5:$B$40,0)) -> 0.4 | I12: =F12/100*INDEX(Alimentos!$G$5:$G$40,MATCH($C12,Alimentos!$B$5:$B$40,0)) -> 0.12 | J12: =F12/100*INDEX(Alimentos!$H$5:$H$40,MATCH($C12,Alimentos!$B$5:$B$40,0)) -> 3.04
A13: Lunes | B13: Almuerzo | C13: Aceite de oliva (valor estándar, no TPCA) | D13: 1 | E13: cdta | F13: =D13*IFERROR(VLOOKUP(E13,Perfil!$B$19:$C$24,2,0),1) -> 5 | G13: =F13/100*INDEX(Alimentos!$E$5:$E$40,MATCH($C13,Alimentos!$B$5:$B$40,0)) -> 44.2 | H13: =F13/100*INDEX(Alimentos!$F$5:$F$40,MATCH($C13,Alimentos!$B$5:$B$40,0)) -> 0 | I13: =F13/100*INDEX(Alimentos!$G$5:$G$40,MATCH($C13,Alimentos!$B$5:$B$40,0)) -> 5 | J13: =F13/100*INDEX(Alimentos!$H$5:$H$40,MATCH($C13,Alimentos!$B$5:$B$40,0)) -> 0
A14: Lunes | B14: Merienda | C14: Pan de molde | D14: 2 | E14: rebanada | F14: =D14*IFERROR(VLOOKUP(E14,Perfil!$B$19:$C$24,2,0),1) -> 50 | G14: =F14/100*INDEX(Alimentos!$E$5:$E$40,MATCH($C14,Alimentos!$B$5:$B$40,0)) -> 158.5 | H14: =F14/100*INDEX(Alimentos!$F$5:$F$40,MATCH($C14,Alimentos!$B$5:$B$40,0)) -> 3.4 | I14: =F14/100*INDEX(Alimentos!$G$5:$G$40,MATCH($C14,Alimentos!$B$5:$B$40,0)) -> 1.25 | J14: =F14/100*INDEX(Alimentos!$H$5:$H$40,MATCH($C14,Alimentos!$B$5:$B$40,0)) -> 34.6
A15: Lunes | B15: Merienda | C15: Avena, hojuela cruda | D15: 2 | E15: scoop | F15: =D15*IFERROR(VLOOKUP(E15,Perfil!$B$19:$C$24,2,0),1) -> 50 | G15: =F15/100*INDEX(Alimentos!$E$5:$E$40,MATCH($C15,Alimentos!$B$5:$B$40,0)) -> 166.5 | H15: =F15/100*INDEX(Alimentos!$F$5:$F$40,MATCH($C15,Alimentos!$B$5:$B$40,0)) -> 6.65 | I15: =F15/100*INDEX(Alimentos!$G$5:$G$40,MATCH($C15,Alimentos!$B$5:$B$40,0)) -> 2 | J15: =F15/100*INDEX(Alimentos!$H$5:$H$40,MATCH($C15,Alimentos!$B$5:$B$40,0)) -> 36.1
A16: Lunes | B16: Merienda | C16: Palta (pulpa) | D16: 45 | E16: g | F16: =D16*IFERROR(VLOOKUP(E16,Perfil!$B$19:$C$24,2,0),1) -> 45 | G16: =F16/100*INDEX(Alimentos!$E$5:$E$40,MATCH($C16,Alimentos!$B$5:$B$40,0)) -> 58.5 | H16: =F16/100*INDEX(Alimentos!$F$5:$F$40,MATCH($C16,Alimentos!$B$5:$B$40,0)) -> 0.765 | I16: =F16/100*INDEX(Alimentos!$G$5:$G$40,MATCH($C16,Alimentos!$B$5:$B$40,0)) -> 5.625 | J16: =F16/100*INDEX(Alimentos!$H$5:$H$40,MATCH($C16,Alimentos!$B$5:$B$40,0)) -> 2.52
... A124: Domingo | B124: Cena | C124: Vainitas | D124: 70 | E124: g | F124: =D124*IFERROR(VLOOKUP(E124,Perfil!$B$19:$C$24,2,0),1) -> 70 | G124: =F124/100*INDEX(Alimentos!$E$5:$E$40,MATCH($C124,Alimentos!$B$5:$B$40,0)) -> 17.5 | H124: =F124/100*INDEX(Alimentos!$F$5:$F$40,MATCH($C124,Alimentos!$B$5:$B$40,0)) -> 1.68 | I124: =F124/100*INDEX(Alimentos!$G$5:$G$40,MATCH($C124,Alimentos!$B$5:$B$40,0)) -> 0.21 | J124: =F124/100*INDEX(Alimentos!$H$5:$H$40,MATCH($C124,Alimentos!$B$5:$B$40,0)) -> 5.67

Sheet Resumen_S1
A1: Resumen semana 1: plan vs meta
A2: Meta diaria tomada de Plan_12sem (fila semana 1)
A4: Día | B4: Desayuno | C4: Almuerzo | D4: Merienda | E4: Cena | F4: Total kcal | G4: Proteína (g) | H4: Grasa (g) | I4: Carbohidrato (g) | J4: Meta kcal/día | K4: Diferencia vs meta | L4: Meta proteína (g)
A5: Lunes | B5: =SUMIFS(Menu_S1!$G$5:$G$124,Menu_S1!$A$5:$A$124,$A5,Menu_S1!$B$5:$B$124,"Desayuno") -> 379.5 | C5: =SUMIFS(Menu_S1!$G$5:$G$124,Menu_S1!$A$5:$A$124,$A5,Menu_S1!$B$5:$B$124,"Almuerzo") -> 472.9 | D5: =SUMIFS(Menu_S1!$G$5:$G$124,Menu_S1!$A$5:$A$124,$A5,Menu_S1!$B$5:$B$124,"Merienda") -> 383.5 | E5: =SUMIFS(Menu_S1!$G$5:$G$124,Menu_S1!$A$5:$A$124,$A5,Menu_S1!$B$5:$B$124,"Cena") -> 460 | F5: =SUM(B5:E5) -> 1695.9 | G5: =SUMIFS(Menu_S1!$H$5:$H$124,Menu_S1!$A$5:$A$124,$A5) -> 96.815 | H5: =SUMIFS(Menu_S1!$I$5:$I$124,Menu_S1!$A$5:$A$124,$A5) -> 32.245 | I5: =SUMIFS(Menu_S1!$J$5:$J$124,Menu_S1!$A$5:$A$124,$A5) -> 284.01 | J5: =Plan_12sem!$J$5 -> 1660 | K5: =F5-J5 -> 35.9 | L5: =Plan_12sem!$L$5 -> 103
A6: Martes | B6: =SUMIFS(Menu_S1!$G$5:$G$124,Menu_S1!$A$5:$A$124,$A6,Menu_S1!$B$5:$B$124,"Desayuno") -> 379.5 | C6: =SUMIFS(Menu_S1!$G$5:$G$124,Menu_S1!$A$5:$A$124,$A6,Menu_S1!$B$5:$B$124,"Almuerzo") -> 447.7 | D6: =SUMIFS(Menu_S1!$G$5:$G$124,Menu_S1!$A$5:$A$124,$A6,Menu_S1!$B$5:$B$124,"Merienda") -> 383.5 | E6: =SUMIFS(Menu_S1!$G$5:$G$124,Menu_S1!$A$5:$A$124,$A6,Menu_S1!$B$5:$B$124,"Cena") -> 445.9 | F6: =SUM(B6:E6) -> 1656.6 | G6: =SUMIFS(Menu_S1!$H$5:$H$124,Menu_S1!$A$5:$A$124,$A6) -> 97.555 | H6: =SUMIFS(Menu_S1!$I$5:$I$124,Menu_S1!$A$5:$A$124,$A6) -> 30.415 | I6: =SUMIFS(Menu_S1!$J$5:$J$124,Menu_S1!$A$5:$A$124,$A6) -> 273.95 | J6: =Plan_12sem!$J$5 -> 1660 | K6: =F6-J6 -> -3.4 | L6: =Plan_12sem!$L$5 -> 103
A7: Miércoles | B7: =SUMIFS(Menu_S1!$G$5:$G$124,Menu_S1!$A$5:$A$124,$A7,Menu_S1!$B$5:$B$124,"Desayuno") -> 519 | C7: =SUMIFS(Menu_S1!$G$5:$G$124,Menu_S1!$A$5:$A$124,$A7,Menu_S1!$B$5:$B$124,"Almuerzo") -> 492.4 | D7: =SUMIFS(Menu_S1!$G$5:$G$124,Menu_S1!$A$5:$A$124,$A7,Menu_S1!$B$5:$B$124,"Merienda") -> 523 | E7: =SUMIFS(Menu_S1!$G$5:$G$124,Menu_S1!$A$5:$A$124,$A7,Menu_S1!$B$5:$B$124,"Cena") -> 393 | F7: =SUM(B7:E7) -> 1927.4 | G7: =SUMIFS(Menu_S1!$H$5:$H$124,Menu_S1!$A$5:$A$124,$A7) -> 122.655 | H7: =SUMIFS(Menu_S1!$I$5:$I$124,Menu_S1!$A$5:$A$124,$A7) -> 48.025 | I7: =SUMIFS(Menu_S1!$J$5:$J$124,Menu_S1!$A$5:$A$124,$A7) -> 283.03 | J7: =Plan_12sem!$J$5 -> 1660 | K7: =F7-J7 -> 267.4 | L7: =Plan_12sem!$L$5 -> 103
A8: Jueves | B8: =SUMIFS(Menu_S1!$G$5:$G$124,Menu_S1!$A$5:$A$124,$A8,Menu_S1!$B$5:$B$124,"Desayuno") -> 379.5 | C8: =SUMIFS(Menu_S1!$G$5:$G$124,Menu_S1!$A$5:$A$124,$A8,Menu_S1!$B$5:$B$124,"Almuerzo") -> 507.2 | D8: =SUMIFS(Menu_S1!$G$5:$G$124,Menu_S1!$A$5:$A$124,$A8,Menu_S1!$B$5:$B$124,"Merienda") -> 383.5 | E8: =SUMIFS(Menu_S1!$G$5:$G$124,Menu_S1!$A$5:$A$124,$A8,Menu_S1!$B$5:$B$124,"Cena") -> 492.5 | F8: =SUM(B8:E8) -> 1762.7 | G8: =SUMIFS(Menu_S1!$H$5:$H$124,Menu_S1!$A$5:$A$124,$A8) -> 93.055 | H8: =SUMIFS(Menu_S1!$I$5:$I$124,Menu_S1!$A$5:$A$124,$A8) -> 40.365 | I8: =SUMIFS(Menu_S1!$J$5:$J$124,Menu_S1!$A$5:$A$124,$A8) -> 285.24 | J8: =Plan_12sem!$J$5 -> 1660 | K8: =F8-J8 -> 102.7 | L8: =Plan_12sem!$L$5 -> 103
A9: Viernes | B9: =SUMIFS(Menu_S1!$G$5:$G$124,Menu_S1!$A$5:$A$124,$A9,Menu_S1!$B$5:$B$124,"Desayuno") -> 379.5 | C9: =SUMIFS(Menu_S1!$G$5:$G$124,Menu_S1!$A$5:$A$124,$A9,Menu_S1!$B$5:$B$124,"Almuerzo") -> 490.1 | D9: =SUMIFS(Menu_S1!$G$5:$G$124,Menu_S1!$A$5:$A$124,$A9,Menu_S1!$B$5:$B$124,"Merienda") -> 383.5 | E9: =SUMIFS(Menu_S1!$G$5:$G$124,Menu_S1!$A$5:$A$124,$A9,Menu_S1!$B$5:$B$124,"Cena") -> 413.7 | F9: =SUM(B9:E9) -> 1666.8 | G9: =SUMIFS(Menu_S1!$H$5:$H$124,Menu_S1!$A$5:$A$124,$A9) -> 99.615 | H9: =SUMIFS(Menu_S1!$I$5:$I$124,Menu_S1!$A$5:$A$124,$A9) -> 30.545 | I9: =SUMIFS(Menu_S1!$J$5:$J$124,Menu_S1!$A$5:$A$124,$A9) -> 272.72 | J9: =Plan_12sem!$J$5 -> 1660 | K9: =F9-J9 -> 6.8 | L9: =Plan_12sem!$L$5 -> 103
A10: Sábado | B10: =SUMIFS(Menu_S1!$G$5:$G$124,Menu_S1!$A$5:$A$124,$A10,Menu_S1!$B$5:$B$124,"Desayuno") -> 519 | C10: =SUMIFS(Menu_S1!$G$5:$G$124,Menu_S1!$A$5:$A$124,$A10,Menu_S1!$B$5:$B$124,"Almuerzo") -> 463.6 | D10: =SUMIFS(Menu_S1!$G$5:$G$124,Menu_S1!$A$5:$A$124,$A10,Menu_S1!$B$5:$B$124,"Merienda") -> 523 | E10: =SUMIFS(Menu_S1!$G$5:$G$124,Menu_S1!$A$5:$A$124,$A10,Menu_S1!$B$5:$B$124,"Cena") -> 458.5 | F10: =SUM(B10:E10) -> 1964.1 | G10: =SUMIFS(Menu_S1!$H$5:$H$124,Menu_S1!$A$5:$A$124,$A10) -> 121.265 | H10: =SUMIFS(Menu_S1!$I$5:$I$124,Menu_S1!$A$5:$A$124,$A10) -> 49.915 | I10: =SUMIFS(Menu_S1!$J$5:$J$124,Menu_S1!$A$5:$A$124,$A10) -> 284.4 | J10: =Plan_12sem!$J$5 -> 1660 | K10: =F10-J10 -> 304.1 | L10: =Plan_12sem!$L$5 -> 103
A11: Domingo | B11: =SUMIFS(Menu_S1!$G$5:$G$124,Menu_S1!$A$5:$A$124,$A11,Menu_S1!$B$5:$B$124,"Desayuno") -> 379.5 | C11: =SUMIFS(Menu_S1!$G$5:$G$124,Menu_S1!$A$5:$A$124,$A11,Menu_S1!$B$5:$B$124,"Almuerzo") -> 496.6 | D11: =SUMIFS(Menu_S1!$G$5:$G$124,Menu_S1!$A$5:$A$124,$A11,Menu_S1!$B$5:$B$124,"Merienda") -> 383.5 | E11: =SUMIFS(Menu_S1!$G$5:$G$124,Menu_S1!$A$5:$A$124,$A11,Menu_S1!$B$5:$B$124,"Cena") -> 406.6 | F11: =SUM(B11:E11) -> 1666.2 | G11: =SUMIFS(Menu_S1!$H$5:$H$124,Menu_S1!$A$5:$A$124,$A11) -> 99.955 | H11: =SUMIFS(Menu_S1!$I$5:$I$124,Menu_S1!$A$5:$A$124,$A11) -> 30.245 | I11: =SUMIFS(Menu_S1!$J$5:$J$124,Menu_S1!$A$5:$A$124,$A11) -> 273.95 | J11: =Plan_12sem!$J$5 -> 1660 | K11: =F11-J11 -> 6.2 | L11: =Plan_12sem!$L$5 -> 103
A12: Promedio | B12: =AVERAGE(B5:B11) -> 419.35714 | C12: =AVERAGE(C5:C11) -> 481.5 | D12: =AVERAGE(D5:D11) -> 423.35714 | E12: =AVERAGE(E5:E11) -> 438.6 | F12: =AVERAGE(F5:F11) -> 1762.8143 | G12: =AVERAGE(G5:G11) -> 104.41643 | H12: =AVERAGE(H5:H11) -> 37.393571 | I12: =AVERAGE(I5:I11) -> 279.61429 | ... L12: =AVERAGE(L5:L11) -> 103
A14: Proteína por kg (promedio) | C14: =G12/Perfil!C7 -> 1.6188594
A15: Pérdida esperada con este plan (kg/sem) | C15: =(Plan_12sem!H5-F12)*7/Perfil!C14 -> 0.10365747
A16: Nota: los días con queso (miércoles y sábado) suben ≈ +250 kcal; por eso el promedio queda sobre la meta de la semana 1.

Sheet Registro
A1: Registro semanal por foto
A2: Llenar cada fin de semana: una fila por alimento visto en la foto. Unidad 'g' para pesos directos.
A3: Tip: si solo se ve el plato, estimar con la regla 1/3 – 1/3 – 1/3 y la palma (150 g crudo).
A5: Semana | B5: Día | C5: Comida | D5: Alimento | E5: Cantidad | F5: Unidad | G5: Gramos | H5: kcal | I5: Proteína (g) | J5: Grasa (g) | K5: Carbo (g) | L5: Fecha
G6: =IF(OR(D6="",E6=""),"",E6*IFERROR(VLOOKUP(F6,Perfil!$B$19:$C$24,2,0),1)) | H6: =IF(G6="","",G6/100*INDEX(Alimentos!$E$5:$E$40,MATCH($D6,Alimentos!$B$5:$B$40,0))) | I6: =IF(G6="","",G6/100*INDEX(Alimentos!$F$5:$F$40,MATCH($D6,Alimentos!$B$5:$B$40,0))) | J6: =IF(G6="","",G6/100*INDEX(Alimentos!$G$5:$G$40,MATCH($D6,Alimentos!$B$5:$B$40,0))) | K6: =IF(G6="","",G6/100*INDEX(Alimentos!$H$5:$H$40,MATCH($D6,Alimentos!$B$5:$B$40,0))) | L6: =IF(OR(A6="",B6=""),"",Perfil!$C$13+(A6-1)*7+MATCH(B6,{"Lunes","Martes","Miércoles","Jueves","Viernes","Sábado","Domingo"},0)-1)
G7: =IF(OR(D7="",E7=""),"",E7*IFERROR(VLOOKUP(F7,Perfil!$B$19:$C$24,2,0),1)) | H7: =IF(G7="","",G7/100*INDEX(Alimentos!$E$5:$E$40,MATCH($D7,Alimentos!$B$5:$B$40,0))) | I7: =IF(G7="","",G7/100*INDEX(Alimentos!$F$5:$F$40,MATCH($D7,Alimentos!$B$5:$B$40,0))) | J7: =IF(G7="","",G7/100*INDEX(Alimentos!$G$5:$G$40,MATCH($D7,Alimentos!$B$5:$B$40,0))) | K7: =IF(G7="","",G7/100*INDEX(Alimentos!$H$5:$H$40,MATCH($D7,Alimentos!$B$5:$B$40,0))) | L7: =IF(OR(A7="",B7=""),"",Perfil!$C$13+(A7-1)*7+MATCH(B7,{"Lunes","Martes","Miércoles","Jueves","Viernes","Sábado","Domingo"},0)-1)
G8: =IF(OR(D8="",E8=""),"",E8*IFERROR(VLOOKUP(F8,Perfil!$B$19:$C$24,2,0),1)) | H8: =IF(G8="","",G8/100*INDEX(Alimentos!$E$5:$E$40,MATCH($D8,Alimentos!$B$5:$B$40,0))) | I8: =IF(G8="","",G8/100*INDEX(Alimentos!$F$5:$F$40,MATCH($D8,Alimentos!$B$5:$B$40,0))) | J8: =IF(G8="","",G8/100*INDEX(Alimentos!$G$5:$G$40,MATCH($D8,Alimentos!$B$5:$B$40,0))) | K8: =IF(G8="","",G8/100*INDEX(Alimentos!$H$5:$H$40,MATCH($D8,Alimentos!$B$5:$B$40,0))) | L8: =IF(OR(A8="",B8=""),"",Perfil!$C$13+(A8-1)*7+MATCH(B8,{"Lunes","Martes","Miércoles","Jueves","Viernes","Sábado","Domingo"},0)-1)
G9: =IF(OR(D9="",E9=""),"",E9*IFERROR(VLOOKUP(F9,Perfil!$B$19:$C$24,2,0),1)) | H9: =IF(G9="","",G9/100*INDEX(Alimentos!$E$5:$E$40,MATCH($D9,Alimentos!$B$5:$B$40,0))) | I9: =IF(G9="","",G9/100*INDEX(Alimentos!$F$5:$F$40,MATCH($D9,Alimentos!$B$5:$B$40,0))) | J9: =IF(G9="","",G9/100*INDEX(Alimentos!$G$5:$G$40,MATCH($D9,Alimentos!$B$5:$B$40,0))) | K9: =IF(G9="","",G9/100*INDEX(Alimentos!$H$5:$H$40,MATCH($D9,Alimentos!$B$5:$B$40,0))) | L9: =IF(OR(A9="",B9=""),"",Perfil!$C$13+(A9-1)*7+MATCH(B9,{"Lunes","Martes","Miércoles","Jueves","Viernes","Sábado","Domingo"},0)-1)
G10: =IF(OR(D10="",E10=""),"",E10*IFERROR(VLOOKUP(F10,Perfil!$B$19:$C$24,2,0),1)) | H10: =IF(G10="","",G10/100*INDEX(Alimentos!$E$5:$E$40,MATCH($D10,Alimentos!$B$5:$B$40,0))) | I10: =IF(G10="","",G10/100*INDEX(Alimentos!$F$5:$F$40,MATCH($D10,Alimentos!$B$5:$B$40,0))) | J10: =IF(G10="","",G10/100*INDEX(Alimentos!$G$5:$G$40,MATCH($D10,Alimentos!$B$5:$B$40,0))) | K10: =IF(G10="","",G10/100*INDEX(Alimentos!$H$5:$H$40,MATCH($D10,Alimentos!$B$5:$B$40,0))) | L10: =IF(OR(A10="",B10=""),"",Perfil!$C$13+(A10-1)*7+MATCH(B10,{"Lunes","Martes","Miércoles","Jueves","Viernes","Sábado","Domingo"},0)-1)
G11: =IF(OR(D11="",E11=""),"",E11*IFERROR(VLOOKUP(F11,Perfil!$B$19:$C$24,2,0),1)) | H11: =IF(G11="","",G11/100*INDEX(Alimentos!$E$5:$E$40,MATCH($D11,Alimentos!$B$5:$B$40,0))) | I11: =IF(G11="","",G11/100*INDEX(Alimentos!$F$5:$F$40,MATCH($D11,Alimentos!$B$5:$B$40,0))) | J11: =IF(G11="","",G11/100*INDEX(Alimentos!$G$5:$G$40,MATCH($D11,Alimentos!$B$5:$B$40,0))) | K11: =IF(G11="","",G11/100*INDEX(Alimentos!$H$5:$H$40,MATCH($D11,Alimentos!$B$5:$B$40,0))) | L11: =IF(OR(A11="",B11=""),"",Perfil!$C$13+(A11-1)*7+MATCH(B11,{"Lunes","Martes","Miércoles","Jueves","Viernes","Sábado","Domingo"},0)-1)
G12: =IF(OR(D12="",E12=""),"",E12*IFERROR(VLOOKUP(F12,Perfil!$B$19:$C$24,2,0),1)) | H12: =IF(G12="","",G12/100*INDEX(Alimentos!$E$5:$E$40,MATCH($D12,Alimentos!$B$5:$B$40,0))) | I12: =IF(G12="","",G12/100*INDEX(Alimentos!$F$5:$F$40,MATCH($D12,Alimentos!$B$5:$B$40,0))) | J12: =IF(G12="","",G12/100*INDEX(Alimentos!$G$5:$G$40,MATCH($D12,Alimentos!$B$5:$B$40,0))) | K12: =IF(G12="","",G12/100*INDEX(Alimentos!$H$5:$H$40,MATCH($D12,Alimentos!$B$5:$B$40,0))) | L12: =IF(OR(A12="",B12=""),"",Perfil!$C$13+(A12-1)*7+MATCH(B12,{"Lunes","Martes","Miércoles","Jueves","Viernes","Sábado","Domingo"},0)-1)
G13: =IF(OR(D13="",E13=""),"",E13*IFERROR(VLOOKUP(F13,Perfil!$B$19:$C$24,2,0),1)) | H13: =IF(G13="","",G13/100*INDEX(Alimentos!$E$5:$E$40,MATCH($D13,Alimentos!$B$5:$B$40,0))) | I13: =IF(G13="","",G13/100*INDEX(Alimentos!$F$5:$F$40,MATCH($D13,Alimentos!$B$5:$B$40,0))) | J13: =IF(G13="","",G13/100*INDEX(Alimentos!$G$5:$G$40,MATCH($D13,Alimentos!$B$5:$B$40,0))) | K13: =IF(G13="","",G13/100*INDEX(Alimentos!$H$5:$H$40,MATCH($D13,Alimentos!$B$5:$B$40,0))) | L13: =IF(OR(A13="",B13=""),"",Perfil!$C$13+(A13-1)*7+MATCH(B13,{"Lunes","Martes","Miércoles","Jueves","Viernes","Sábado","Domingo"},0)-1)
G14: =IF(OR(D14="",E14=""),"",E14*IFERROR(VLOOKUP(F14,Perfil!$B$19:$C$24,2,0),1)) | H14: =IF(G14="","",G14/100*INDEX(Alimentos!$E$5:$E$40,MATCH($D14,Alimentos!$B$5:$B$40,0))) | I14: =IF(G14="","",G14/100*INDEX(Alimentos!$F$5:$F$40,MATCH($D14,Alimentos!$B$5:$B$40,0))) | J14: =IF(G14="","",G14/100*INDEX(Alimentos!$G$5:$G$40,MATCH($D14,Alimentos!$B$5:$B$40,0))) | K14: =IF(G14="","",G14/100*INDEX(Alimentos!$H$5:$H$40,MATCH($D14,Alimentos!$B$5:$B$40,0))) | L14: =IF(OR(A14="",B14=""),"",Perfil!$C$13+(A14-1)*7+MATCH(B14,{"Lunes","Martes","Miércoles","Jueves","Viernes","Sábado","Domingo"},0)-1)
G15: =IF(OR(D15="",E15=""),"",E15*IFERROR(VLOOKUP(F15,Perfil!$B$19:$C$24,2,0),1)) | H15: =IF(G15="","",G15/100*INDEX(Alimentos!$E$5:$E$40,MATCH($D15,Alimentos!$B$5:$B$40,0))) | I15: =IF(G15="","",G15/100*INDEX(Alimentos!$F$5:$F$40,MATCH($D15,Alimentos!$B$5:$B$40,0))) | J15: =IF(G15="","",G15/100*INDEX(Alimentos!$G$5:$G$40,MATCH($D15,Alimentos!$B$5:$B$40,0))) | K15: =IF(G15="","",G15/100*INDEX(Alimentos!$H$5:$H$40,MATCH($D15,Alimentos!$B$5:$B$40,0))) | L15: =IF(OR(A15="",B15=""),"",Perfil!$C$13+(A15-1)*7+MATCH(B15,{"Lunes","Martes","Miércoles","Jueves","Viernes","Sábado","Domingo"},0)-1)
G16: =IF(OR(D16="",E16=""),"",E16*IFERROR(VLOOKUP(F16,Perfil!$B$19:$C$24,2,0),1)) | H16: =IF(G16="","",G16/100*INDEX(Alimentos!$E$5:$E$40,MATCH($D16,Alimentos!$B$5:$B$40,0))) | I16: =IF(G16="","",G16/100*INDEX(Alimentos!$F$5:$F$40,MATCH($D16,Alimentos!$B$5:$B$40,0))) | J16: =IF(G16="","",G16/100*INDEX(Alimentos!$G$5:$G$40,MATCH($D16,Alimentos!$B$5:$B$40,0))) | K16: =IF(G16="","",G16/100*INDEX(Alimentos!$H$5:$H$40,MATCH($D16,Alimentos!$B$5:$B$40,0))) | L16: =IF(OR(A16="",B16=""),"",Perfil!$C$13+(A16-1)*7+MATCH(B16,{"Lunes","Martes","Miércoles","Jueves","Viernes","Sábado","Domingo"},0)-1)
G17: =IF(OR(D17="",E17=""),"",E17*IFERROR(VLOOKUP(F17,Perfil!$B$19:$C$24,2,0),1)) | H17: =IF(G17="","",G17/100*INDEX(Alimentos!$E$5:$E$40,MATCH($D17,Alimentos!$B$5:$B$40,0))) | I17: =IF(G17="","",G17/100*INDEX(Alimentos!$F$5:$F$40,MATCH($D17,Alimentos!$B$5:$B$40,0))) | J17: =IF(G17="","",G17/100*INDEX(Alimentos!$G$5:$G$40,MATCH($D17,Alimentos!$B$5:$B$40,0))) | K17: =IF(G17="","",G17/100*INDEX(Alimentos!$H$5:$H$40,MATCH($D17,Alimentos!$B$5:$B$40,0))) | L17: =IF(OR(A17="",B17=""),"",Perfil!$C$13+(A17-1)*7+MATCH(B17,{"Lunes","Martes","Miércoles","Jueves","Viernes","Sábado","Domingo"},0)-1)
... G1005: =IF(OR(D1005="",E1005=""),"",E1005*IFERROR(VLOOKUP(F1005,Perfil!$B$19:$C$24,2,0),1)) | H1005: =IF(G1005="","",G1005/100*INDEX(Alimentos!$E$5:$E$40,MATCH($D1005,Alimentos!$B$5:$B$40,0))) | I1005: =IF(G1005="","",G1005/100*INDEX(Alimentos!$F$5:$F$40,MATCH($D1005,Alimentos!$B$5:$B$40,0))) | J1005: =IF(G1005="","",G1005/100*INDEX(Alimentos!$G$5:$G$40,MATCH($D1005,Alimentos!$B$5:$B$40,0))) | K1005: =IF(G1005="","",G1005/100*INDEX(Alimentos!$H$5:$H$40,MATCH($D1005,Alimentos!$B$5:$B$40,0))) | L1005: =IF(OR(A1005="",B1005=""),"",Perfil!$C$13+(A1005-1)*7+MATCH(B1005,{"Lunes","Martes","Miércoles","Jueves","Viernes","Sábado","Domingo"},0)-1)

Sheet Dia_Detalle
A1: Detalle por día
A2: Elige la semana en C3
B3: Semana (1–12): | C3: 1 | E3: Meta kcal/día: | F3: =INDEX(Plan_12sem!$J$5:$J$16,$C$3) -> 1660 | H3: Meta proteína: | I3: =INDEX(Plan_12sem!$L$5:$L$16,$C$3) -> 103
A5: Día | B5: kcal reales | C5: Meta kcal | D5: Dif. (real − meta) | E5: % cumplimiento | F5: Estado | G5: Proteína real (g) | H5: Meta proteína | I5: Falta proteína (g) | J5: Grasa (g) | K5: Carbo (g)
A6: Lunes | B6: =SUMIFS(Registro!$H$6:$H$1005,Registro!$A$6:$A$1005,$C$3,Registro!$B$6:$B$1005,$A6) -> 0 | C6: =$F$3 -> 1660 | D6: =IF(B6=0,"",B6-C6) | E6: =IF(B6=0,"",B6/C6) | F6: =IF(B6=0,"Sin registro",IF(ABS(E6-1)<=0.05,"Cumple",IF(E6>1.05,"Exceso","Falta"))) -> Sin registro | G6: =SUMIFS(Registro!$I$6:$I$1005,Registro!$A$6:$A$1005,$C$3,Registro!$B$6:$B$1005,$A6) -> 0 | H6: =$I$3 -> 103 | I6: =IF(G6=0,"",MAX(0,H6-G6)) | J6: =SUMIFS(Registro!$J$6:$J$1005,Registro!$A$6:$A$1005,$C$3,Registro!$B$6:$B$1005,$A6) -> 0 | K6: =SUMIFS(Registro!$K$6:$K$1005,Registro!$A$6:$A$1005,$C$3,Registro!$B$6:$B$1005,$A6) -> 0
A7: Martes | B7: =SUMIFS(Registro!$H$6:$H$1005,Registro!$A$6:$A$1005,$C$3,Registro!$B$6:$B$1005,$A7) -> 0 | C7: =$F$3 -> 1660 | D7: =IF(B7=0,"",B7-C7) | E7: =IF(B7=0,"",B7/C7) | F7: =IF(B7=0,"Sin registro",IF(ABS(E7-1)<=0.05,"Cumple",IF(E7>1.05,"Exceso","Falta"))) -> Sin registro | G7: =SUMIFS(Registro!$I$6:$I$1005,Registro!$A$6:$A$1005,$C$3,Registro!$B$6:$B$1005,$A7) -> 0 | H7: =$I$3 -> 103 | I7: =IF(G7=0,"",MAX(0,H7-G7)) | J7: =SUMIFS(Registro!$J$6:$J$1005,Registro!$A$6:$A$1005,$C$3,Registro!$B$6:$B$1005,$A7) -> 0 | K7: =SUMIFS(Registro!$K$6:$K$1005,Registro!$A$6:$A$1005,$C$3,Registro!$B$6:$B$1005,$A7) -> 0
A8: Miércoles | B8: =SUMIFS(Registro!$H$6:$H$1005,Registro!$A$6:$A$1005,$C$3,Registro!$B$6:$B$1005,$A8) -> 0 | C8: =$F$3 -> 1660 | D8: =IF(B8=0,"",B8-C8) | E8: =IF(B8=0,"",B8/C8) | F8: =IF(B8=0,"Sin registro",IF(ABS(E8-1)<=0.05,"Cumple",IF(E8>1.05,"Exceso","Falta"))) -> Sin registro | G8: =SUMIFS(Registro!$I$6:$I$1005,Registro!$A$6:$A$1005,$C$3,Registro!$B$6:$B$1005,$A8) -> 0 | H8: =$I$3 -> 103 | I8: =IF(G8=0,"",MAX(0,H8-G8)) | J8: =SUMIFS(Registro!$J$6:$J$1005,Registro!$A$6:$A$1005,$C$3,Registro!$B$6:$B$1005,$A8) -> 0 | K8: =SUMIFS(Registro!$K$6:$K$1005,Registro!$A$6:$A$1005,$C$3,Registro!$B$6:$B$1005,$A8) -> 0
A9: Jueves | B9: =SUMIFS(Registro!$H$6:$H$1005,Registro!$A$6:$A$1005,$C$3,Registro!$B$6:$B$1005,$A9) -> 0 | C9: =$F$3 -> 1660 | D9: =IF(B9=0,"",B9-C9) | E9: =IF(B9=0,"",B9/C9) | F9: =IF(B9=0,"Sin registro",IF(ABS(E9-1)<=0.05,"Cumple",IF(E9>1.05,"Exceso","Falta"))) -> Sin registro | G9: =SUMIFS(Registro!$I$6:$I$1005,Registro!$A$6:$A$1005,$C$3,Registro!$B$6:$B$1005,$A9) -> 0 | H9: =$I$3 -> 103 | I9: =IF(G9=0,"",MAX(0,H9-G9)) | J9: =SUMIFS(Registro!$J$6:$J$1005,Registro!$A$6:$A$1005,$C$3,Registro!$B$6:$B$1005,$A9) -> 0 | K9: =SUMIFS(Registro!$K$6:$K$1005,Registro!$A$6:$A$1005,$C$3,Registro!$B$6:$B$1005,$A9) -> 0
A10: Viernes | B10: =SUMIFS(Registro!$H$6:$H$1005,Registro!$A$6:$A$1005,$C$3,Registro!$B$6:$B$1005,$A10) -> 0 | C10: =$F$3 -> 1660 | D10: =IF(B10=0,"",B10-C10) | E10: =IF(B10=0,"",B10/C10) | F10: =IF(B10=0,"Sin registro",IF(ABS(E10-1)<=0.05,"Cumple",IF(E10>1.05,"Exceso","Falta"))) -> Sin registro | G10: =SUMIFS(Registro!$I$6:$I$1005,Registro!$A$6:$A$1005,$C$3,Registro!$B$6:$B$1005,$A10) -> 0 | H10: =$I$3 -> 103 | I10: =IF(G10=0,"",MAX(0,H10-G10)) | J10: =SUMIFS(Registro!$J$6:$J$1005,Registro!$A$6:$A$1005,$C$3,Registro!$B$6:$B$1005,$A10) -> 0 | K10: =SUMIFS(Registro!$K$6:$K$1005,Registro!$A$6:$A$1005,$C$3,Registro!$B$6:$B$1005,$A10) -> 0
A11: Sábado | B11: =SUMIFS(Registro!$H$6:$H$1005,Registro!$A$6:$A$1005,$C$3,Registro!$B$6:$B$1005,$A11) -> 0 | C11: =$F$3 -> 1660 | D11: =IF(B11=0,"",B11-C11) | E11: =IF(B11=0,"",B11/C11) | F11: =IF(B11=0,"Sin registro",IF(ABS(E11-1)<=0.05,"Cumple",IF(E11>1.05,"Exceso","Falta"))) -> Sin registro | G11: =SUMIFS(Registro!$I$6:$I$1005,Registro!$A$6:$A$1005,$C$3,Registro!$B$6:$B$1005,$A11) -> 0 | H11: =$I$3 -> 103 | I11: =IF(G11=0,"",MAX(0,H11-G11)) | J11: =SUMIFS(Registro!$J$6:$J$1005,Registro!$A$6:$A$1005,$C$3,Registro!$B$6:$B$1005,$A11) -> 0 | K11: =SUMIFS(Registro!$K$6:$K$1005,Registro!$A$6:$A$1005,$C$3,Registro!$B$6:$B$1005,$A11) -> 0
A12: Domingo | B12: =SUMIFS(Registro!$H$6:$H$1005,Registro!$A$6:$A$1005,$C$3,Registro!$B$6:$B$1005,$A12) -> 0 | C12: =$F$3 -> 1660 | D12: =IF(B12=0,"",B12-C12) | E12: =IF(B12=0,"",B12/C12) | F12: =IF(B12=0,"Sin registro",IF(ABS(E12-1)<=0.05,"Cumple",IF(E12>1.05,"Exceso","Falta"))) -> Sin registro | G12: =SUMIFS(Registro!$I$6:$I$1005,Registro!$A$6:$A$1005,$C$3,Registro!$B$6:$B$1005,$A12) -> 0 | H12: =$I$3 -> 103 | I12: =IF(G12=0,"",MAX(0,H12-G12)) | J12: =SUMIFS(Registro!$J$6:$J$1005,Registro!$A$6:$A$1005,$C$3,Registro!$B$6:$B$1005,$A12) -> 0 | K12: =SUMIFS(Registro!$K$6:$K$1005,Registro!$A$6:$A$1005,$C$3,Registro!$B$6:$B$1005,$A12) -> 0
A13: Semana | B13: =SUM(B6:B12) -> 0 | C13: =C6*COUNTIF(B6:B12,">0") -> 0 | D13: =IF(C13=0,"",B13-C13) | E13: =IF(C13=0,"",B13/C13) | G13: =SUM(G6:G12) -> 0 | H13: =H6*COUNTIF(G6:G12,">0") -> 0 | I13: =IF(H13=0,"",MAX(0,H13-G13))
A15: Nota: la fila Semana compara solo los días registrados. Si faltan días, completa el Registro.

Sheet Control_Semanal
A1: Control semanal (S1–S12)
A2: Promedios sobre los días registrados
A4: Sem | B4: Inicio | C4: Meta kcal/día | D4: Días registrados | E4: kcal registradas | F4: Promedio real kcal/día | G4: Dif. vs meta/día | H4: % cumplimiento | I4: Estado | J4: Proteína real/día | K4: Meta proteína | L4: Falta proteína/día | M4: Grasa real/día | N4: Carbo real/día | O4: Faltante kcal (días reg.)
A5: 1 | B5: =Plan_12sem!B5 -> 46307 | C5: =Plan_12sem!J5 -> 1660 | D5: =SUMPRODUCT(--(COUNTIFS(Registro!$A$6:$A$1005,$A5,Registro!$B$6:$B$1005,{"Lunes","Martes","Miércoles","Jueves","Viernes","Sábado","Domingo"},Registro!$H$6:$H$1005,">0")>0)) -> 0 | E5: =SUMIFS(Registro!$H$6:$H$1005,Registro!$A$6:$A$1005,$A5) -> 0 | F5: =IF(D5=0,"",E5/D5) | G5: =IF(D5=0,"",F5-C5) | H5: =IF(D5=0,"",F5/C5) | I5: =IF(D5=0,"Sin datos",IF(ABS(H5-1)<=0.05,"Cumple",IF(H5>1.05,"Exceso","Falta"))) -> Sin datos | J5: =IF(D5=0,"",SUMIFS(Registro!$I$6:$I$1005,Registro!$A$6:$A$1005,$A5)/D5) | K5: =Plan_12sem!L5 -> 103 | L5: =IF(D5=0,"",MAX(0,K5-J5)) | M5: =IF(D5=0,"",SUMIFS(Registro!$J$6:$J$1005,Registro!$A$6:$A$1005,$A5)/D5) | N5: =IF(D5=0,"",SUMIFS(Registro!$K$6:$K$1005,Registro!$A$6:$A$1005,$A5)/D5) | O5: =IF(D5=0,"",C5*D5-E5)
A6: 2 | B6: =Plan_12sem!B6 -> 46314 | C6: =Plan_12sem!J6 -> 1600 | D6: =SUMPRODUCT(--(COUNTIFS(Registro!$A$6:$A$1005,$A6,Registro!$B$6:$B$1005,{"Lunes","Martes","Miércoles","Jueves","Viernes","Sábado","Domingo"},Registro!$H$6:$H$1005,">0")>0)) -> 0 | E6: =SUMIFS(Registro!$H$6:$H$1005,Registro!$A$6:$A$1005,$A6) -> 0 | F6: =IF(D6=0,"",E6/D6) | G6: =IF(D6=0,"",F6-C6) | H6: =IF(D6=0,"",F6/C6) | I6: =IF(D6=0,"Sin datos",IF(ABS(H6-1)<=0.05,"Cumple",IF(H6>1.05,"Exceso","Falta"))) -> Sin datos | J6: =IF(D6=0,"",SUMIFS(Registro!$I$6:$I$1005,Registro!$A$6:$A$1005,$A6)/D6) | K6: =Plan_12sem!L6 -> 103 | L6: =IF(D6=0,"",MAX(0,K6-J6)) | M6: =IF(D6=0,"",SUMIFS(Registro!$J$6:$J$1005,Registro!$A$6:$A$1005,$A6)/D6) | N6: =IF(D6=0,"",SUMIFS(Registro!$K$6:$K$1005,Registro!$A$6:$A$1005,$A6)/D6) | O6: =IF(D6=0,"",C6*D6-E6)
A7: 3 | B7: =Plan_12sem!B7 -> 46321 | C7: =Plan_12sem!J7 -> 1540 | D7: =SUMPRODUCT(--(COUNTIFS(Registro!$A$6:$A$1005,$A7,Registro!$B$6:$B$1005,{"Lunes","Martes","Miércoles","Jueves","Viernes","Sábado","Domingo"},Registro!$H$6:$H$1005,">0")>0)) -> 0 | E7: =SUMIFS(Registro!$H$6:$H$1005,Registro!$A$6:$A$1005,$A7) -> 0 | F7: =IF(D7=0,"",E7/D7) | G7: =IF(D7=0,"",F7-C7) | H7: =IF(D7=0,"",F7/C7) | I7: =IF(D7=0,"Sin datos",IF(ABS(H7-1)<=0.05,"Cumple",IF(H7>1.05,"Exceso","Falta"))) -> Sin datos | J7: =IF(D7=0,"",SUMIFS(Registro!$I$6:$I$1005,Registro!$A$6:$A$1005,$A7)/D7) | K7: =Plan_12sem!L7 -> 102 | L7: =IF(D7=0,"",MAX(0,K7-J7)) | M7: =IF(D7=0,"",SUMIFS(Registro!$J$6:$J$1005,Registro!$A$6:$A$1005,$A7)/D7) | N7: =IF(D7=0,"",SUMIFS(Registro!$K$6:$K$1005,Registro!$A$6:$A$1005,$A7)/D7) | O7: =IF(D7=0,"",C7*D7-E7)
A8: 4 | B8: =Plan_12sem!B8 -> 46328 | C8: =Plan_12sem!J8 -> 1540 | D8: =SUMPRODUCT(--(COUNTIFS(Registro!$A$6:$A$1005,$A8,Registro!$B$6:$B$1005,{"Lunes","Martes","Miércoles","Jueves","Viernes","Sábado","Domingo"},Registro!$H$6:$H$1005,">0")>0)) -> 0 | E8: =SUMIFS(Registro!$H$6:$H$1005,Registro!$A$6:$A$1005,$A8) -> 0 | F8: =IF(D8=0,"",E8/D8) | G8: =IF(D8=0,"",F8-C8) | H8: =IF(D8=0,"",F8/C8) | I8: =IF(D8=0,"Sin datos",IF(ABS(H8-1)<=0.05,"Cumple",IF(H8>1.05,"Exceso","Falta"))) -> Sin datos | J8: =IF(D8=0,"",SUMIFS(Registro!$I$6:$I$1005,Registro!$A$6:$A$1005,$A8)/D8) | K8: =Plan_12sem!L8 -> 102 | L8: =IF(D8=0,"",MAX(0,K8-J8)) | M8: =IF(D8=0,"",SUMIFS(Registro!$J$6:$J$1005,Registro!$A$6:$A$1005,$A8)/D8) | N8: =IF(D8=0,"",SUMIFS(Registro!$K$6:$K$1005,Registro!$A$6:$A$1005,$A8)/D8) | O8: =IF(D8=0,"",C8*D8-E8)
A9: 5 | B9: =Plan_12sem!B9 -> 46335 | C9: =Plan_12sem!J9 -> 1530 | D9: =SUMPRODUCT(--(COUNTIFS(Registro!$A$6:$A$1005,$A9,Registro!$B$6:$B$1005,{"Lunes","Martes","Miércoles","Jueves","Viernes","Sábado","Domingo"},Registro!$H$6:$H$1005,">0")>0)) -> 0 | E9: =SUMIFS(Registro!$H$6:$H$1005,Registro!$A$6:$A$1005,$A9) -> 0 | F9: =IF(D9=0,"",E9/D9) | G9: =IF(D9=0,"",F9-C9) | H9: =IF(D9=0,"",F9/C9) | I9: =IF(D9=0,"Sin datos",IF(ABS(H9-1)<=0.05,"Cumple",IF(H9>1.05,"Exceso","Falta"))) -> Sin datos | J9: =IF(D9=0,"",SUMIFS(Registro!$I$6:$I$1005,Registro!$A$6:$A$1005,$A9)/D9) | K9: =Plan_12sem!L9 -> 102 | L9: =IF(D9=0,"",MAX(0,K9-J9)) | M9: =IF(D9=0,"",SUMIFS(Registro!$J$6:$J$1005,Registro!$A$6:$A$1005,$A9)/D9) | N9: =IF(D9=0,"",SUMIFS(Registro!$K$6:$K$1005,Registro!$A$6:$A$1005,$A9)/D9) | O9: =IF(D9=0,"",C9*D9-E9)
A10: 6 | B10: =Plan_12sem!B10 -> 46342 | C10: =Plan_12sem!J10 -> 1530 | D10: =SUMPRODUCT(--(COUNTIFS(Registro!$A$6:$A$1005,$A10,Registro!$B$6:$B$1005,{"Lunes","Martes","Miércoles","Jueves","Viernes","Sábado","Domingo"},Registro!$H$6:$H$1005,">0")>0)) -> 0 | E10: =SUMIFS(Registro!$H$6:$H$1005,Registro!$A$6:$A$1005,$A10) -> 0 | F10: =IF(D10=0,"",E10/D10) | G10: =IF(D10=0,"",F10-C10) | H10: =IF(D10=0,"",F10/C10) | I10: =IF(D10=0,"Sin datos",IF(ABS(H10-1)<=0.05,"Cumple",IF(H10>1.05,"Exceso","Falta"))) -> Sin datos | J10: =IF(D10=0,"",SUMIFS(Registro!$I$6:$I$1005,Registro!$A$6:$A$1005,$A10)/D10) | K10: =Plan_12sem!L10 -> 101 | L10: =IF(D10=0,"",MAX(0,K10-J10)) | M10: =IF(D10=0,"",SUMIFS(Registro!$J$6:$J$1005,Registro!$A$6:$A$1005,$A10)/D10) | N10: =IF(D10=0,"",SUMIFS(Registro!$K$6:$K$1005,Registro!$A$6:$A$1005,$A10)/D10) | O10: =IF(D10=0,"",C10*D10-E10)
A11: 7 | B11: =Plan_12sem!B11 -> 46349 | C11: =Plan_12sem!J11 -> 1520 | D11: =SUMPRODUCT(--(COUNTIFS(Registro!$A$6:$A$1005,$A11,Registro!$B$6:$B$1005,{"Lunes","Martes","Miércoles","Jueves","Viernes","Sábado","Domingo"},Registro!$H$6:$H$1005,">0")>0)) -> 0 | E11: =SUMIFS(Registro!$H$6:$H$1005,Registro!$A$6:$A$1005,$A11) -> 0 | F11: =IF(D11=0,"",E11/D11) | G11: =IF(D11=0,"",F11-C11) | H11: =IF(D11=0,"",F11/C11) | I11: =IF(D11=0,"Sin datos",IF(ABS(H11-1)<=0.05,"Cumple",IF(H11>1.05,"Exceso","Falta"))) -> Sin datos | J11: =IF(D11=0,"",SUMIFS(Registro!$I$6:$I$1005,Registro!$A$6:$A$1005,$A11)/D11) | K11: =Plan_12sem!L11 -> 101 | L11: =IF(D11=0,"",MAX(0,K11-J11)) | M11: =IF(D11=0,"",SUMIFS(Registro!$J$6:$J$1005,Registro!$A$6:$A$1005,$A11)/D11) | N11: =IF(D11=0,"",SUMIFS(Registro!$K$6:$K$1005,Registro!$A$6:$A$1005,$A11)/D11) | O11: =IF(D11=0,"",C11*D11-E11)
A12: 8 | B12: =Plan_12sem!B12 -> 46356 | C12: =Plan_12sem!J12 -> 1520 | D12: =SUMPRODUCT(--(COUNTIFS(Registro!$A$6:$A$1005,$A12,Registro!$B$6:$B$1005,{"Lunes","Martes","Miércoles","Jueves","Viernes","Sábado","Domingo"},Registro!$H$6:$H$1005,">0")>0)) -> 0 | E12: =SUMIFS(Registro!$H$6:$H$1005,Registro!$A$6:$A$1005,$A12) -> 0 | F12: =IF(D12=0,"",E12/D12) | G12: =IF(D12=0,"",F12-C12) | H12: =IF(D12=0,"",F12/C12) | I12: =IF(D12=0,"Sin datos",IF(ABS(H12-1)<=0.05,"Cumple",IF(H12>1.05,"Exceso","Falta"))) -> Sin datos | J12: =IF(D12=0,"",SUMIFS(Registro!$I$6:$I$1005,Registro!$A$6:$A$1005,$A12)/D12) | K12: =Plan_12sem!L12 -> 100 | L12: =IF(D12=0,"",MAX(0,K12-J12)) | M12: =IF(D12=0,"",SUMIFS(Registro!$J$6:$J$1005,Registro!$A$6:$A$1005,$A12)/D12) | N12: =IF(D12=0,"",SUMIFS(Registro!$K$6:$K$1005,Registro!$A$6:$A$1005,$A12)/D12) | O12: =IF(D12=0,"",C12*D12-E12)
A13: 9 | B13: =Plan_12sem!B13 -> 46363 | C13: =Plan_12sem!J13 -> 1520 | D13: =SUMPRODUCT(--(COUNTIFS(Registro!$A$6:$A$1005,$A13,Registro!$B$6:$B$1005,{"Lunes","Martes","Miércoles","Jueves","Viernes","Sábado","Domingo"},Registro!$H$6:$H$1005,">0")>0)) -> 0 | E13: =SUMIFS(Registro!$H$6:$H$1005,Registro!$A$6:$A$1005,$A13) -> 0 | F13: =IF(D13=0,"",E13/D13) | G13: =IF(D13=0,"",F13-C13) | H13: =IF(D13=0,"",F13/C13) | I13: =IF(D13=0,"Sin datos",IF(ABS(H13-1)<=0.05,"Cumple",IF(H13>1.05,"Exceso","Falta"))) -> Sin datos | J13: =IF(D13=0,"",SUMIFS(Registro!$I$6:$I$1005,Registro!$A$6:$A$1005,$A13)/D13) | K13: =Plan_12sem!L13 -> 100 | L13: =IF(D13=0,"",MAX(0,K13-J13)) | M13: =IF(D13=0,"",SUMIFS(Registro!$J$6:$J$1005,Registro!$A$6:$A$1005,$A13)/D13) | N13: =IF(D13=0,"",SUMIFS(Registro!$K$6:$K$1005,Registro!$A$6:$A$1005,$A13)/D13) | O13: =IF(D13=0,"",C13*D13-E13)
A14: 10 | B14: =Plan_12sem!B14 -> 46370 | C14: =Plan_12sem!J14 -> 1510 | D14: =SUMPRODUCT(--(COUNTIFS(Registro!$A$6:$A$1005,$A14,Registro!$B$6:$B$1005,{"Lunes","Martes","Miércoles","Jueves","Viernes","Sábado","Domingo"},Registro!$H$6:$H$1005,">0")>0)) -> 0 | E14: =SUMIFS(Registro!$H$6:$H$1005,Registro!$A$6:$A$1005,$A14) -> 0 | F14: =IF(D14=0,"",E14/D14) | G14: =IF(D14=0,"",F14-C14) | H14: =IF(D14=0,"",F14/C14) | I14: =IF(D14=0,"Sin datos",IF(ABS(H14-1)<=0.05,"Cumple",IF(H14>1.05,"Exceso","Falta"))) -> Sin datos | J14: =IF(D14=0,"",SUMIFS(Registro!$I$6:$I$1005,Registro!$A$6:$A$1005,$A14)/D14) | K14: =Plan_12sem!L14 -> 99 | L14: =IF(D14=0,"",MAX(0,K14-J14)) | M14: =IF(D14=0,"",SUMIFS(Registro!$J$6:$J$1005,Registro!$A$6:$A$1005,$A14)/D14) | N14: =IF(D14=0,"",SUMIFS(Registro!$K$6:$K$1005,Registro!$A$6:$A$1005,$A14)/D14) | O14: =IF(D14=0,"",C14*D14-E14)
A15: 11 | B15: =Plan_12sem!B15 -> 46377 | C15: =Plan_12sem!J15 -> 1510 | D15: =SUMPRODUCT(--(COUNTIFS(Registro!$A$6:$A$1005,$A15,Registro!$B$6:$B$1005,{"Lunes","Martes","Miércoles","Jueves","Viernes","Sábado","Domingo"},Registro!$H$6:$H$1005,">0")>0)) -> 0 | E15: =SUMIFS(Registro!$H$6:$H$1005,Registro!$A$6:$A$1005,$A15) -> 0 | F15: =IF(D15=0,"",E15/D15) | G15: =IF(D15=0,"",F15-C15) | H15: =IF(D15=0,"",F15/C15) | I15: =IF(D15=0,"Sin datos",IF(ABS(H15-1)<=0.05,"Cumple",IF(H15>1.05,"Exceso","Falta"))) -> Sin datos | J15: =IF(D15=0,"",SUMIFS(Registro!$I$6:$I$1005,Registro!$A$6:$A$1005,$A15)/D15) | K15: =Plan_12sem!L15 -> 99 | L15: =IF(D15=0,"",MAX(0,K15-J15)) | M15: =IF(D15=0,"",SUMIFS(Registro!$J$6:$J$1005,Registro!$A$6:$A$1005,$A15)/D15) | N15: =IF(D15=0,"",SUMIFS(Registro!$K$6:$K$1005,Registro!$A$6:$A$1005,$A15)/D15) | O15: =IF(D15=0,"",C15*D15-E15)
A16: 12 | B16: =Plan_12sem!B16 -> 46384 | C16: =Plan_12sem!J16 -> 1500 | D16: =SUMPRODUCT(--(COUNTIFS(Registro!$A$6:$A$1005,$A16,Registro!$B$6:$B$1005,{"Lunes","Martes","Miércoles","Jueves","Viernes","Sábado","Domingo"},Registro!$H$6:$H$1005,">0")>0)) -> 0 | E16: =SUMIFS(Registro!$H$6:$H$1005,Registro!$A$6:$A$1005,$A16) -> 0 | F16: =IF(D16=0,"",E16/D16) | G16: =IF(D16=0,"",F16-C16) | H16: =IF(D16=0,"",F16/C16) | I16: =IF(D16=0,"Sin datos",IF(ABS(H16-1)<=0.05,"Cumple",IF(H16>1.05,"Exceso","Falta"))) -> Sin datos | J16: =IF(D16=0,"",SUMIFS(Registro!$I$6:$I$1005,Registro!$A$6:$A$1005,$A16)/D16) | K16: =Plan_12sem!L16 -> 98 | L16: =IF(D16=0,"",MAX(0,K16-J16)) | M16: =IF(D16=0,"",SUMIFS(Registro!$J$6:$J$1005,Registro!$A$6:$A$1005,$A16)/D16) | N16: =IF(D16=0,"",SUMIFS(Registro!$K$6:$K$1005,Registro!$A$6:$A$1005,$A16)/D16) | O16: =IF(D16=0,"",C16*D16-E16)
A18: Faltante kcal: positivo = comió menos que la meta; negativo = se pasó.

Sheet Peso
A1: Seguimiento de peso y rendimiento
A2: Pesar en ayunas, mismas condiciones. Rendimiento gym: 1 (bajo) a 5 (excelente).
A4: Semana | B4: Fecha | C4: Peso objetivo (kg) | D4: Peso real (kg) | E4: Dif. vs objetivo | F4: Cambio vs sem. anterior | G4: Estado | H4: Rendimiento gym (1–5) | I4: Notas
A5: 0 | B5: =Perfil!$C$13 -> 46307 | C5: =Perfil!C7 -> 64.5 | D5: 64.5 | E5: =IF(D5="","",D5-C5) -> 0
A6: 1 | B6: =Perfil!$C$13+1*7-1 -> 46313 | C6: =Plan_12sem!D5 -> 64.3 | E6: =IF(D6="","",D6-C6) | F6: =IF(OR(D6="",D5=""),"",D6-D5) | G6: =IF(D6="","",IF(D6<=C6+0.2,"En ruta",IF(D6<=C6+0.4,"Vigilar","Revisar")))
A7: 2 | B7: =Perfil!$C$13+2*7-1 -> 46320 | C7: =Plan_12sem!D6 -> 64.05 | E7: =IF(D7="","",D7-C7) | F7: =IF(OR(D7="",D6=""),"",D7-D6) | G7: =IF(D7="","",IF(D7<=C7+0.2,"En ruta",IF(D7<=C7+0.4,"Vigilar","Revisar")))
A8: 3 | B8: =Perfil!$C$13+3*7-1 -> 46327 | C8: =Plan_12sem!D7 -> 63.75 | E8: =IF(D8="","",D8-C8) | F8: =IF(OR(D8="",D7=""),"",D8-D7) | G8: =IF(D8="","",IF(D8<=C8+0.2,"En ruta",IF(D8<=C8+0.4,"Vigilar","Revisar")))
A9: 4 | B9: =Perfil!$C$13+4*7-1 -> 46334 | C9: =Plan_12sem!D8 -> 63.45 | E9: =IF(D9="","",D9-C9) | F9: =IF(OR(D9="",D8=""),"",D9-D8) | G9: =IF(D9="","",IF(D9<=C9+0.2,"En ruta",IF(D9<=C9+0.4,"Vigilar","Revisar")))
A10: 5 | B10: =Perfil!$C$13+5*7-1 -> 46341 | C10: =Plan_12sem!D9 -> 63.15 | E10: =IF(D10="","",D10-C10) | F10: =IF(OR(D10="",D9=""),"",D10-D9) | G10: =IF(D10="","",IF(D10<=C10+0.2,"En ruta",IF(D10<=C10+0.4,"Vigilar","Revisar")))
A11: 6 | B11: =Perfil!$C$13+6*7-1 -> 46348 | C11: =Plan_12sem!D10 -> 62.85 | E11: =IF(D11="","",D11-C11) | F11: =IF(OR(D11="",D10=""),"",D11-D10) | G11: =IF(D11="","",IF(D11<=C11+0.2,"En ruta",IF(D11<=C11+0.4,"Vigilar","Revisar")))
A12: 7 | B12: =Perfil!$C$13+7*7-1 -> 46355 | C12: =Plan_12sem!D11 -> 62.55 | E12: =IF(D12="","",D12-C12) | F12: =IF(OR(D12="",D11=""),"",D12-D11) | G12: =IF(D12="","",IF(D12<=C12+0.2,"En ruta",IF(D12<=C12+0.4,"Vigilar","Revisar")))
A13: 8 | B13: =Perfil!$C$13+8*7-1 -> 46362 | C13: =Plan_12sem!D12 -> 62.25 | E13: =IF(D13="","",D13-C13) | F13: =IF(OR(D13="",D12=""),"",D13-D12) | G13: =IF(D13="","",IF(D13<=C13+0.2,"En ruta",IF(D13<=C13+0.4,"Vigilar","Revisar")))
A14: 9 | B14: =Perfil!$C$13+9*7-1 -> 46369 | C14: =Plan_12sem!D13 -> 61.95 | E14: =IF(D14="","",D14-C14) | F14: =IF(OR(D14="",D13=""),"",D14-D13) | G14: =IF(D14="","",IF(D14<=C14+0.2,"En ruta",IF(D14<=C14+0.4,"Vigilar","Revisar")))
A15: 10 | B15: =Perfil!$C$13+10*7-1 -> 46376 | C15: =Plan_12sem!D14 -> 61.65 | E15: =IF(D15="","",D15-C15) | F15: =IF(OR(D15="",D14=""),"",D15-D14) | G15: =IF(D15="","",IF(D15<=C15+0.2,"En ruta",IF(D15<=C15+0.4,"Vigilar","Revisar")))
A16: 11 | B16: =Perfil!$C$13+11*7-1 -> 46383 | C16: =Plan_12sem!D15 -> 61.35 | E16: =IF(D16="","",D16-C16) | F16: =IF(OR(D16="",D15=""),"",D16-D15) | G16: =IF(D16="","",IF(D16<=C16+0.2,"En ruta",IF(D16<=C16+0.4,"Vigilar","Revisar")))
A17: 12 | B17: =Perfil!$C$13+12*7-1 -> 46390 | C17: =Plan_12sem!D16 -> 61 | E17: =IF(D17="","",D17-C17) | F17: =IF(OR(D17="",D16=""),"",D17-D16) | G17: =IF(D17="","",IF(D17<=C17+0.2,"En ruta",IF(D17<=C17+0.4,"Vigilar","Revisar")))
A19: Semana 0 = peso inicial (lunes 12/10). Desde la semana 1, la fecha es el domingo de cierre de esa semana.

Sheet Reglas
A1: Palancas y reglas de decisión
A2: Orden de aplicación: de menor a mayor impacto sobre el rendimiento
A5: Palanca | B5: Qué se hace | C5: kcal recortadas (promedio/día) | D5: Cuándo
A6: L1 | B6: Queso fresco 150 g → 100 g (2 días/sem) | C6: 38 | D6: Semana 2 en adelante
A7: L2 | B7: Cena: carbohidrato de 1/3 a 1/4 de plato | C7: 55 | D7: Semana 2
A8: L3 | B8: Almuerzo: carbohidrato de 1/3 a 1/4 de plato (mantener en días de gym) | C8: 60 | D8: Semana 3
A9: L4 | B9: Merienda: avena 2 → 1,5 scoops (solo días SIN gym) | C9: 42 | D9: Semana 4
A10: L5 | B10: Sin aceite de oliva (cocinar en plancha antiadherente) | C10: 44 | D10: Semana 5
A13: Reglas de decisión semanales
A14: 1. | B14: Pesar siempre en las mismas condiciones (mañana, en ayunas, tras ir al baño). Usar el promedio de 2 semanas.
A15: 2. | B15: Peso real ≤ objetivo + 0,2 kg → sin cambios.
A16: 3. | B16: Peso real > objetivo + 0,3 kg durante 2 semanas → activar la siguiente palanca no activa (L1 a L5).
A17: 4. | B17: Baja > 0,6 kg en una semana o cae el rendimiento (fuerza, repeticiones) 2 semanas seguidas → +150 kcal de carbohidrato pre-entreno por 1 semana.
A18: 5. | B18: Proteína no se recorta: mantener ≈ 1,6 g/kg para proteger masa muscular.
A19: 6. | B19: Hidratación: 3 tomatodos de agua mínimo, más en días de gym.
A20: 7. | B20: Semana 12: pasar a mantenimiento (≈ GET) por 2 semanas antes de decidir si se baja más.
A21: 8. | B21: Cumplimiento por foto: 'Cumple' si el promedio diario está dentro de ±5 % de la meta; 'Falta/Exceso' fuera de ese rango.
